city,year,weekofyear,week_start_date,humidity_percent,avg_temp_c,max_temp_c,min_temp_c,precip_mm
sj,1990,18,1990-04-30,73.36571429,25.44285714,29.4,20,16
sj,1990,19,1990-05-07,77.36857143,26.71428571,31.7,22.2,8.6
sj,1990,20,1990-05-14,82.05285714,26.71428571,32.2,22.8,41.4
sj,1990,21,1990-05-21,80.33714286,27.47142857,33.3,23.3,4
sj,1990,22,1990-05-28,80.46,28.94285714,35,23.9,5.8
sj,1990,23,1990-06-04,79.89142857,28.11428571,34.4,23.9,39.1
sj,1990,24,1990-06-11,82,27.41428571,32.2,23.3,29.7
sj,1990,25,1990-06-18,83.37571429,28.37142857,33.9,22.8,21.1
sj,1990,26,1990-06-25,82.76857143,28.32857143,33.9,22.8,21.1
sj,1990,27,1990-07-02,81.28142857,28.32857143,33.9,24.4,1.1
sj,1990,28,1990-07-09,81.46714286,27.55714286,31.7,21.7,63.7
sj,1990,29,1990-07-16,82.14428571,28.12857143,32.8,23.9,12.2
sj,1990,30,1990-07-23,80.74285714,28.11428571,31.7,22.8,32.6
sj,1990,31,1990-07-30,80.58428571,28.24285714,34.4,22.8,37.6
sj,1990,32,1990-08-06,79.65,28.2,33.3,23.3,11.4
sj,1990,33,1990-08-13,84.17857143,28.04285714,32.8,22.8,44.7
sj,1990,34,1990-08-20,80.94714286,28.34285714,33.3,23.3,5.4
sj,1990,35,1990-08-27,83.34857143,28.65714286,32.2,24.4,13.7
sj,1990,36,1990-09-03,77.17285714,28.32857143,32.8,23.3,14.2
sj,1990,37,1990-09-10,81.55142857,28.68571429,33.9,24.4,25.9
sj,1990,38,1990-09-17,81.63714286,28.24285714,32.8,23.9,3.3
sj,1990,39,1990-09-24,77.04857143,28.34285714,32.8,24.4,15.8
sj,1990,40,1990-10-01,78.52,28.77142857,33.3,23.9,11.7
sj,1990,41,1990-10-08,84.11,28.62857143,33.3,24.4,57.7
sj,1990,42,1990-10-15,85.62142857,27.62857143,32.8,23.3,61.8
sj,1990,43,1990-10-22,85.50285714,26.77142857,32.2,21.7,91.5
sj,1990,44,1990-10-29,82.78714286,27.97142857,33.3,22.8,6.3
sj,1990,45,1990-11-05,81.71571429,28.47142857,33.3,23.9,6.6
sj,1990,46,1990-11-12,75.72857143,27.54285714,32.8,22.2,38.9
sj,1990,47,1990-11-19,78.15142857,26.8,31.7,22.2,9.6
sj,1990,48,1990-11-26,81.38571429,26.2,31.1,20.6,26.7
sj,1990,49,1990-12-03,79.90857143,25.98571429,29.4,22.2,69
sj,1990,50,1990-12-10,68.72285714,24.68571429,29.4,19.4,2.8
sj,1990,51,1990-12-17,80.08285714,25.71428571,30.6,21.1,19.8
sj,1990,52,1990-12-24,69.68142857,25.15714286,28.9,21.1,20.9
sj,1991,1,1991-01-01,72.93857143,24.38571429,29.4,18.9,5.3
sj,1991,2,1991-01-08,76.62857143,24.91428571,28.3,21.1,31.7
sj,1991,3,1991-01-15,78.5,25.24285714,29.4,21.1,16.5
sj,1991,4,1991-01-22,71.59714286,24.71428571,29.4,18.3,6.8
sj,1991,5,1991-01-29,71.78428571,24.82857143,30,18.9,5.9
sj,1991,6,1991-02-05,75.79428571,25.05714286,30,20.6,7.3
sj,1991,7,1991-02-12,78.89571429,25.14285714,32.2,18.9,5.6
sj,1991,8,1991-02-19,79.74,25.84285714,32.2,20,17.8
sj,1991,9,1991-02-26,77.97714286,25.25714286,30.6,20,30.7
sj,1991,10,1991-03-05,77.31571429,26.01428571,31.1,20.6,10.9
sj,1991,11,1991-03-12,78.13857143,25.92857143,31.7,20.6,3.6
sj,1991,12,1991-03-19,77.88285714,26.08571429,32.2,21.1,5.7
sj,1991,13,1991-03-26,80.00142857,26.05714286,32.2,22.2,26.9
sj,1991,14,1991-04-02,75.66285714,25.24285714,28.9,20.6,4.1
sj,1991,15,1991-04-09,79.62857143,25.3,28.9,21.1,18.8
sj,1991,16,1991-04-16,73.35142857,25.51428571,29.4,21.1,19.4
sj,1991,17,1991-04-23,78.44714286,26.52857143,32.8,21.7,3.5
sj,1991,18,1991-04-30,79.36,27.31428571,32.2,22.8,2.8
sj,1991,19,1991-05-07,79.54142857,26.92857143,31.7,22.8,40.2
sj,1991,20,1991-05-14,80.06714286,26.52857143,30.6,22.8,32.8
sj,1991,21,1991-05-21,81.30142857,27.38571429,31.7,22.8,3.6
sj,1991,22,1991-05-28,81.08857143,27.94285714,33.3,23.3,5.6
sj,1991,23,1991-06-04,76.07428571,28.07142857,33.3,23.3,20.6
sj,1991,24,1991-06-11,77.03571429,28.22857143,33.9,23.9,9.4
sj,1991,25,1991-06-18,81.42142857,28.92857143,33.9,25,3.3
sj,1991,26,1991-06-25,82.74571429,27.91428571,32.8,22.8,12.4
sj,1991,27,1991-07-02,81.69428571,28.37142857,32.8,23.9,24.7
sj,1991,28,1991-07-09,77.87714286,28.41428571,32.8,24.4,4.6
sj,1991,29,1991-07-16,78.24142857,28.8,33.9,23.9,12.2
sj,1991,30,1991-07-23,81.48285714,28,32.8,24.4,43.1
sj,1991,31,1991-07-30,81.89714286,28.57142857,33.3,25,18
sj,1991,32,1991-08-06,81.96,28.5,32.8,24.4,12.5
sj,1991,33,1991-08-13,79.19714286,29.42857143,33.3,25.6,3.3
sj,1991,34,1991-08-20,80.25571429,29.27142857,34.4,24.4,1.5
sj,1991,35,1991-08-27,81.59428571,28.15714286,32.2,23.9,10.7
sj,1991,36,1991-09-03,82.31,28.94285714,34.4,24.4,27.2
sj,1991,37,1991-09-10,78.62714286,28.97142857,33.9,23.3,61
sj,1991,38,1991-09-17,80.87714286,28.91428571,33.3,24.4,7.9
sj,1991,39,1991-09-24,81.42428571,28.14285714,32.8,24.4,31.8
sj,1991,40,1991-10-01,82.48571429,27.74285714,32.8,23.3,26.5
sj,1991,41,1991-10-08,80.51571429,27.65714286,31.7,22.8,8.3
sj,1991,42,1991-10-15,79.38285714,28.54285714,33.9,24.4,21.3
sj,1991,43,1991-10-22,76.77714286,27.82857143,32.8,23.3,3.5
sj,1991,44,1991-10-29,78.98714286,28.11428571,32.8,24.4,4.8
sj,1991,45,1991-11-05,81.05857143,27.18571429,32.2,22.8,41.4
sj,1991,46,1991-11-12,83.51428571,26.65714286,31.1,22.2,28.2
sj,1991,47,1991-11-19,75.54857143,26.31428571,30,22.2,9.4
sj,1991,48,1991-11-26,81.48571429,26.27142857,30,22.2,76.2
sj,1991,49,1991-12-03,80.27571429,26.72857143,30.6,23.3,19.6
sj,1991,50,1991-12-10,78.62142857,25.61428571,29.4,21.7,34.2
sj,1991,51,1991-12-17,72.86142857,25,28.9,20.6,6.1
sj,1991,52,1991-12-24,76.12714286,24.35714286,28.3,19.4,13.7
sj,1992,1,1992-01-01,,,,,
sj,1992,2,1992-01-08,81.3,25.65714286,30.6,20.6,58.2
sj,1992,3,1992-01-15,84.11714286,25.47142857,31.1,21.7,32.3
sj,1992,4,1992-01-22,78.29142857,24.85714286,30.6,20,1.3
sj,1992,5,1992-01-29,75.22,24.8,28.9,20,9.2
sj,1992,6,1992-02-05,77.05857143,24.71428571,30.6,20,3
sj,1992,7,1992-02-12,82.87571429,26.02857143,32.2,20,1.3
sj,1992,8,1992-02-19,77.29571429,25.75714286,33.9,21.7,8.9
sj,1992,9,1992-02-26,76.03714286,25.28571429,29.4,21.7,16
sj,1992,10,1992-03-04,76.87857143,25.65714286,31.1,20.6,2.9
sj,1992,11,1992-03-11,78.05714286,25.78571429,31.7,21.7,5.9
sj,1992,12,1992-03-18,77.50571429,26.1,31.1,21.7,4.8
sj,1992,13,1992-03-25,80.23857143,26.2,32.2,22.2,2.3
sj,1992,14,1992-04-01,78.06714286,26.22857143,31.1,21.7,24.1
sj,1992,15,1992-04-08,76.37571429,26.98571429,32.8,21.7,0
sj,1992,16,1992-04-15,84.18428571,26.81428571,31.7,22.8,24.5
sj,1992,17,1992-04-22,78.42571429,26.67142857,31.7,22.2,4.6
sj,1992,18,1992-04-29,74.93285714,27.37142857,33.9,23.3,1.6
sj,1992,19,1992-05-06,78.48,26.78571429,33.9,22.2,32
sj,1992,20,1992-05-13,78.38142857,27.44285714,31.1,22.8,8.1
sj,1992,21,1992-05-20,85.64714286,27.85714286,32.8,23.3,22.1
sj,1992,22,1992-05-27,87.30142857,27.42857143,31.7,23.9,80.2
sj,1992,23,1992-06-03,85.82714286,27.5,31.7,22.8,103.9
sj,1992,24,1992-06-10,84.87,28.2,32.8,24.4,102.4
sj,1992,25,1992-06-17,84.24857143,28.28571429,32.8,24.4,29.8
sj,1992,26,1992-06-24,82.77714286,28.48571429,32.8,23.9,5.4
sj,1992,27,1992-07-01,79.33428571,29.22857143,33.3,25.6,3.1
sj,1992,28,1992-07-08,78.49714286,28.72857143,32.8,24.4,1.8
sj,1992,29,1992-07-15,80.15,27.62857143,31.7,23.9,45.2
sj,1992,30,1992-07-22,81.98428571,27.55714286,31.7,23.3,41
sj,1992,31,1992-07-29,82.34571429,27.97142857,32.2,22.8,14.2
sj,1992,32,1992-08-05,80.78428571,28.07142857,31.7,23.3,16.6
sj,1992,33,1992-08-12,82.75,27.67142857,31.7,22.8,41.9
sj,1992,34,1992-08-19,82.31714286,28.21428571,33.9,24.4,42.7
sj,1992,35,1992-08-26,78.86428571,28.27142857,32.2,23.9,3.1
sj,1992,36,1992-09-02,79.20428571,28.72857143,34.4,24.4,6.5
sj,1992,37,1992-09-09,79.93,28.02857143,32.2,23.9,23.6
sj,1992,38,1992-09-16,79.52571429,28.14285714,32.8,23.9,28.9
sj,1992,39,1992-09-23,83.7,27.55714286,32.8,23.3,60.9
sj,1992,40,1992-09-30,81.29714286,27.97142857,33.3,23.3,22.6
sj,1992,41,1992-10-07,79.73714286,28.88571429,35,23.9,0
sj,1992,42,1992-10-14,77.83428571,29.15714286,33.3,25,8
sj,1992,43,1992-10-21,77.87571429,28.65714286,32.8,23.9,11.9
sj,1992,44,1992-10-28,78.91,28.67142857,33.3,23.9,18.6
sj,1992,45,1992-11-04,81.05285714,28.38571429,33.3,22.2,14.2
sj,1992,46,1992-11-11,79.01285714,27.54285714,31.7,22.8,161
sj,1992,47,1992-11-18,80.25571429,26.68571429,31.1,22.2,26.1
sj,1992,48,1992-11-25,85.58714286,27.4,32.8,23.3,46.3
sj,1992,49,1992-12-02,82.64857143,26.62857143,31.1,22.2,62.6
sj,1992,50,1992-12-09,78.31142857,26.91428571,31.1,22.2,9.4
sj,1992,51,1992-12-16,76.66142857,26.68571429,32.2,21.7,47.5
sj,1992,52,1992-12-23,76.75714286,25.91428571,29.4,21.7,5.5
sj,1993,53,1993-01-01,,,,,
sj,1993,1,1993-01-08,81.87857143,25.87142857,30.6,21.7,28
sj,1993,2,1993-01-15,77.14428571,24.5,28.3,20.6,23.5
sj,1993,3,1993-01-22,76.98428571,24.85714286,30,20,6.6
sj,1993,4,1993-01-29,77.86285714,24.4,28.9,20,15.2
sj,1993,5,1993-02-05,80.61,26.67142857,31.7,19.4,9.4
sj,1993,6,1993-02-12,79.82571429,25.42857143,30,20.6,2.1
sj,1993,7,1993-02-19,76.53285714,26.27142857,31.7,20.6,2.8
sj,1993,8,1993-02-26,76.21714286,25.7,32.2,20.6,5.5
sj,1993,9,1993-03-05,73.22571429,25.57142857,30,21.1,2.3
sj,1993,10,1993-03-12,70.64571429,24.9,29.4,19.4,2.5
sj,1993,11,1993-03-19,77.78428571,26.92857143,33.3,21.1,0.5
sj,1993,12,1993-03-26,76.84857143,26.14285714,31.1,20.6,12.8
sj,1993,13,1993-04-02,80.79571429,26.88571429,32.8,22.2,4.1
sj,1993,14,1993-04-09,78.56428571,27.2,32.8,21.1,4.6
sj,1993,15,1993-04-16,78.96142857,27.07142857,33.3,22.2,11.7
sj,1993,16,1993-04-23,81.27142857,25.87142857,31.1,21.7,8.4
sj,1993,17,1993-04-30,81.65571429,27.48571429,32.8,22.2,28.3
sj,1993,18,1993-05-07,84.08142857,26.94285714,32.2,22.2,114.3
sj,1993,19,1993-05-14,84.52142857,26.47142857,31.1,22.8,18.3
sj,1993,20,1993-05-21,82.43571429,28.22857143,33.9,23.3,4.6
sj,1993,21,1993-05-28,85.39857143,28.94285714,33.9,23.3,32.1
sj,1993,22,1993-06-04,86.9,27.64285714,31.1,22.8,58.3
sj,1993,23,1993-06-11,80.61571429,29.9,34.4,25,1.3
sj,1993,24,1993-06-18,81.49285714,27.72857143,32.2,23.3,57.9
sj,1993,25,1993-06-25,82.60857143,27.34285714,33.3,22.2,60.4
sj,1993,26,1993-07-02,82.83285714,28.84285714,32.8,25,7.2
sj,1993,27,1993-07-09,81.14857143,28.24285714,32.8,24.4,21
sj,1993,28,1993-07-16,81.21571429,27.88571429,32.2,22.2,92.2
sj,1993,29,1993-07-23,79.15,28.5,33.3,24.4,13
sj,1993,30,1993-07-30,85.55142857,27.94285714,32.2,22.2,71.4
sj,1993,31,1993-08-06,82.88285714,29.02857143,32.8,24.4,0.8
sj,1993,32,1993-08-13,81.01285714,29.02857143,32.8,25,18.1
sj,1993,33,1993-08-20,83.07571429,29.41428571,33.9,24.4,12.7
sj,1993,34,1993-08-27,81.72714286,28.97142857,33.3,24.4,17.1
sj,1993,35,1993-09-03,79.62857143,28.65714286,32.8,24.4,28.8
sj,1993,36,1993-09-10,80.68428571,28.42857143,32.8,23.3,43.4
sj,1993,37,1993-09-17,81.79428571,28.6,32.8,23.9,23.1
sj,1993,38,1993-09-24,80.90142857,28.15714286,32.8,23.3,8.7
sj,1993,39,1993-10-01,82.61,28.28571429,32.8,23.9,26.7
sj,1993,40,1993-10-08,83.84142857,28.01428571,33.3,23.3,16.8
sj,1993,41,1993-10-15,81.10285714,28.4,32.2,24.4,27
sj,1993,42,1993-10-22,78.80714286,28.2,33.3,23.9,6.4
sj,1993,43,1993-10-29,80.39857143,28.07142857,32.8,23.9,25.4
sj,1993,44,1993-11-05,79.50428571,27.9,32.8,23.3,4.1
sj,1993,45,1993-11-12,79.03714286,27.64285714,32.8,23.3,6.7
sj,1993,46,1993-11-19,80.37714286,27.17142857,31.7,22.8,48.8
sj,1993,47,1993-11-26,82.15428571,26.88571429,31.7,22.2,46.4
sj,1993,48,1993-12-03,80.46571429,26.78571429,33.3,21.1,5.5
sj,1993,49,1993-12-10,80.30285714,26.52857143,30.6,21.1,20.8
sj,1993,50,1993-12-17,76.85428571,26.22857143,31.1,21.1,7.7
sj,1993,51,1993-12-24,78.82857143,26.04285714,31.7,21.7,37.6
sj,1994,52,1994-01-01,78.01857143,26.97142857,32.8,21.7,0.3
sj,1994,1,1994-01-08,75.74285714,25.5,29.4,21.1,41
sj,1994,2,1994-01-15,79.15,25.45714286,29.4,21.1,13.4
sj,1994,3,1994-01-22,75.98428571,25.08571429,30,20,26.6
sj,1994,4,1994-01-29,78.38142857,25.32857143,29.4,20.6,9.7
sj,1994,5,1994-02-05,76.82571429,25.78571429,30,20.6,3.6
sj,1994,6,1994-02-12,75.31,25.25714286,29.4,21.1,9.1
sj,1994,7,1994-02-19,72.88571429,25.7,30.6,21.1,9.7
sj,1994,8,1994-02-26,74.78857143,25.74285714,30.6,20.6,7.9
sj,1994,9,1994-03-05,77.91571429,25.31428571,30.6,20.6,16.2
sj,1994,10,1994-03-12,81.51857143,25.88571429,31.1,21.7,15.8
sj,1994,11,1994-03-19,75.43571429,25.84285714,31.1,21.1,16.8
sj,1994,12,1994-03-26,74.64714286,26.72857143,32.8,20.6,0
sj,1994,13,1994-04-02,75.08285714,26.7,33.3,21.1,1
sj,1994,14,1994-04-09,73.95142857,26.42857143,31.1,21.7,2.3
sj,1994,15,1994-04-16,79.51714286,25.97142857,30,21.1,16.7
sj,1994,16,1994-04-23,75.24714286,25.97142857,30,22.2,28.7
sj,1994,17,1994-04-30,74.51571429,26.67142857,31.7,22.2,13.2
sj,1994,18,1994-05-07,80.35285714,27.75714286,33.3,22.8,10.5
sj,1994,19,1994-05-14,80.46285714,27.41428571,31.7,23.9,3.3
sj,1994,20,1994-05-21,83.13571429,27.71428571,33.3,22.8,29.3
sj,1994,21,1994-05-28,79.50285714,29.1,33.9,24.4,6.9
sj,1994,22,1994-06-04,77.66428571,28.57142857,33.3,23.3,1.6
sj,1994,23,1994-06-11,80.38285714,28.22857143,32.8,23.3,67.3
sj,1994,24,1994-06-18,78.29285714,28.32857143,32.8,24.4,5.4
sj,1994,25,1994-06-25,78.70428571,28.07142857,32.8,23.9,23.4
sj,1994,26,1994-07-02,79.02714286,28.4,32.8,23.9,10.2
sj,1994,27,1994-07-09,78.80571429,27.92857143,32.2,23.9,19.5
sj,1994,28,1994-07-16,77.30285714,28.17142857,32.2,23.9,28.7
sj,1994,29,1994-07-23,77.10285714,28.25714286,32.8,23.9,9.8
sj,1994,30,1994-07-30,75.43571429,28.51428571,33.3,24.4,1
sj,1994,31,1994-08-06,77.79571429,28.25714286,33.3,23.9,48.5
sj,1994,32,1994-08-13,78.58428571,28.38571429,33.3,23.9,3.6
sj,1994,33,1994-08-20,76.43714286,28.51428571,33.3,24.4,20.4
sj,1994,34,1994-08-27,76.92,28.57142857,32.8,24.4,4.3
sj,1994,35,1994-09-03,78.48285714,29.42857143,33.9,25.6,11
sj,1994,36,1994-09-10,79.13857143,29.28571429,33.3,24.4,14.4
sj,1994,37,1994-09-17,78.75,28.55714286,34.4,23.9,50.8
sj,1994,38,1994-09-24,79.31428571,28.37142857,32.2,24.4,34.3
sj,1994,39,1994-10-01,80.37285714,28.01428571,33.9,23.3,31.5
sj,1994,40,1994-10-08,74.11714286,28.71428571,34.4,24.4,8.2
sj,1994,41,1994-10-15,78.22571429,28.32857143,35,23.9,39.2
sj,1994,42,1994-10-22,76.34857143,28.57142857,35,23.9,5.4
sj,1994,43,1994-10-29,85.41714286,27.67142857,32.8,23.3,39.2
sj,1994,44,1994-11-05,78.68571429,28.15714286,32.2,24.4,1.9
sj,1994,45,1994-11-12,80.09571429,27.31428571,31.7,22.2,54.5
sj,1994,46,1994-11-19,83.58428571,27.28571429,32.8,22.2,47.5
sj,1994,47,1994-11-26,83.50285714,27.85714286,33.9,23.3,49.3
sj,1994,48,1994-12-03,78.56,26.88571429,31.7,21.1,35.9
sj,1994,49,1994-12-10,85.57,26.37142857,30,22.2,58.2
sj,1994,50,1994-12-17,75.45571429,26.58571429,31.7,21.7,7.4
sj,1994,51,1994-12-24,76.91428571,26.64285714,31.7,22.2,12.9
sj,1995,52,1995-01-01,82.86714286,27.31428571,32.8,22.2,9.2
sj,1995,1,1995-01-08,75.83857143,25.7,31.7,20,40.4
sj,1995,2,1995-01-15,74.04714286,25.77142857,30,21.7,10.5
sj,1995,3,1995-01-22,79.55285714,24.75714286,28.9,20,29
sj,1995,4,1995-01-29,78.33,26.12857143,32.8,20.6,9.9
sj,1995,5,1995-02-05,81.40428571,25.5,31.7,21.1,26.9
sj,1995,6,1995-02-12,74.65571429,26.08571429,32.8,20,0
sj,1995,7,1995-02-19,77.02142857,26.62857143,32.2,20.6,2.8
sj,1995,8,1995-02-26,76.63428571,25.92857143,31.7,21.7,29.5
sj,1995,9,1995-03-05,79.81714286,25.24285714,30.6,20,51.7
sj,1995,10,1995-03-12,82.05285714,25.5,30,21.1,16.9
sj,1995,11,1995-03-19,77.02,25.25714286,31.7,21.1,16.5
sj,1995,12,1995-03-26,69.86142857,24.62857143,31.7,18.9,2.3
sj,1995,13,1995-04-02,67.36428571,25.24285714,30,20,4.1
sj,1995,14,1995-04-09,73.4,25.97142857,32.8,19.4,0
sj,1995,15,1995-04-16,77.60571429,27.28571429,32.8,22.8,0
sj,1995,16,1995-04-23,77.32142857,26.65714286,32.8,21.1,72
sj,1995,17,1995-04-30,71.93714286,26.32857143,31.1,21.7,1
sj,1995,18,1995-05-07,76.07285714,27.84285714,34.4,22.2,2.8
sj,1995,19,1995-05-14,80.26142857,27.77142857,34.4,22.8,29.7
sj,1995,20,1995-05-21,80.86571429,26.91428571,31.1,21.7,101.6
sj,1995,21,1995-05-28,81.44714286,27.22857143,31.7,22.2,97.5
sj,1995,22,1995-06-04,80.72714286,27.7,33.3,23.3,9.1
sj,1995,23,1995-06-11,84.34571429,27.3,31.1,22.8,35.5
sj,1995,24,1995-06-18,79.13714286,27.77142857,32.8,22.8,43.5
sj,1995,25,1995-06-25,81.34,28.84285714,33.3,24.4,10.5
sj,1995,26,1995-07-02,79.38,29.21428571,33.9,24.4,15.8
sj,1995,27,1995-07-09,75.06571429,29.65714286,34.4,25,16
sj,1995,28,1995-07-16,81.96,29.28571429,34.4,24.4,21.4
sj,1995,29,1995-07-23,81.09,29.22857143,33.9,25,30.6
sj,1995,30,1995-07-30,85.08857143,28.55714286,33.3,23.9,43.3
sj,1995,31,1995-08-06,84.37571429,28.7,33.9,23.9,30.1
sj,1995,32,1995-08-13,80.39714286,29,33.9,23.3,27.3
sj,1995,33,1995-08-20,82.62571429,30.07142857,34.4,25.6,8.7
sj,1995,34,1995-08-27,83.49142857,28.42857143,33.3,23.3,66
sj,1995,35,1995-09-03,82.22571429,29.11428571,32.2,24.4,12.8
sj,1995,36,1995-09-10,78.14571429,29.57142857,34.4,23.9,20.4
sj,1995,37,1995-09-17,82.91142857,29.37142857,35,24.4,77.1
sj,1995,38,1995-09-24,83.31428571,29.58571429,35.6,25,71.2
sj,1995,39,1995-10-01,81.85428571,29.95714286,34.4,25.6,13.3
sj,1995,40,1995-10-08,83.13571429,28.05714286,32.2,23.9,45.6
sj,1995,41,1995-10-15,84.20714286,28.38571429,32.2,24.4,19.1
sj,1995,42,1995-10-22,80.66428571,27.84285714,33.9,23.3,39.1
sj,1995,43,1995-10-29,83.21428571,27.47142857,32.2,23.3,53.6
sj,1995,44,1995-11-05,80.86428571,28.04285714,33.9,23.3,13.5
sj,1995,45,1995-11-12,79.40428571,27.22857143,31.7,23.3,53.6
sj,1995,46,1995-11-19,77.63857143,27.15714286,31.1,22.8,2.8
sj,1995,47,1995-11-26,78.14142857,27.31428571,32.2,22.8,5.9
sj,1995,48,1995-12-03,80.67714286,27.2,33.3,22.8,13.5
sj,1995,49,1995-12-10,76.33285714,27.01428571,31.1,22.2,14.9
sj,1995,50,1995-12-17,79.98571429,26.61428571,30.6,22.2,20.9
sj,1995,51,1995-12-24,77.63714286,25.71428571,30,22.2,53.9
sj,1996,1,1996-01-01,84.13571429,25.18571429,28.3,21.7,46.5
sj,1996,2,1996-01-08,79.32142857,26.25714286,31.1,21.7,24.6
sj,1996,3,1996-01-15,82.51571429,25.97142857,31.1,21.7,40.6
sj,1996,4,1996-01-22,80.47714286,25.58571429,28.9,22.2,47.7
sj,1996,5,1996-01-29,75.69285714,24.78571429,28.3,20,32
sj,1996,6,1996-02-05,74.96142857,25.15714286,29.4,21.1,10.8
sj,1996,7,1996-02-12,79.66428571,25.31428571,31.1,21.1,25.5
sj,1996,8,1996-02-19,77.78285714,25.97142857,31.7,21.1,22.1
sj,1996,9,1996-02-26,79.19857143,25.55714286,29.4,21.1,4.6
sj,1996,10,1996-03-04,73.06,25.57142857,30.6,20.6,3.3
sj,1996,11,1996-03-11,76.48285714,26.24285714,31.1,21.7,12.7
sj,1996,12,1996-03-18,80.64714286,26.2,32.2,22.2,14.2
sj,1996,13,1996-03-25,73.42571429,26.4,32.2,20.6,0.5
sj,1996,14,1996-04-01,79.02,25.92857143,31.1,21.7,21.6
sj,1996,15,1996-04-08,79.77571429,26.22857143,32.2,21.7,80.5
sj,1996,16,1996-04-15,78.31142857,26.12857143,32.2,21.1,8.9
sj,1996,17,1996-04-22,74.17142857,26.12857143,30,22.2,8.2
sj,1996,18,1996-04-29,76.39428571,26.01428571,30,22.2,25.6
sj,1996,19,1996-05-06,74.79285714,25.44285714,29.4,21.7,10.6
sj,1996,20,1996-05-13,82.84,25.84285714,29.4,22.2,44.8
sj,1996,21,1996-05-20,82.78,26.72857143,30.6,22.8,0.8
sj,1996,22,1996-05-27,82.75142857,28.11428571,33.3,23.3,9.4
sj,1996,23,1996-06-03,82.36857143,27.81428571,32.2,23.9,2.3
sj,1996,24,1996-06-10,82.23571429,26.94285714,31.1,23.3,40.9
sj,1996,25,1996-06-17,83.32285714,26.44285714,30.6,22.8,84.6
sj,1996,26,1996-06-24,80.90714286,27.68571429,32.8,23.3,19.3
sj,1996,27,1996-07-01,80.06142857,27.94285714,32.2,24.4,5.9
sj,1996,28,1996-07-08,81.83571429,28.01428571,32.8,23.3,43.5
sj,1996,29,1996-07-15,84.32285714,27.27142857,31.1,23.9,53.6
sj,1996,30,1996-07-22,79.19857143,27.51428571,31.1,23.9,9.9
sj,1996,31,1996-07-29,81.91,27.17142857,30,23.9,79.3
sj,1996,32,1996-08-05,85.01,27.67142857,30.6,24.4,31.9
sj,1996,33,1996-08-12,80.93571429,28.01428571,31.7,22.8,14.3
sj,1996,34,1996-08-19,84.34428571,26.78571429,31.1,22.8,80.6
sj,1996,35,1996-08-26,79.27285714,27.75714286,33.3,23.9,22.6
sj,1996,36,1996-09-02,81.54,28.48571429,33.3,23.3,35.1
sj,1996,37,1996-09-09,81.98571429,27.94285714,32.8,23.3,51.1
sj,1996,38,1996-09-16,85.69,27.04285714,31.7,22.8,305.9
sj,1996,39,1996-09-23,82.63857143,27.87142857,32.8,23.9,7.3
sj,1996,40,1996-09-30,79.17714286,27.41428571,31.1,23.9,20.9
sj,1996,41,1996-10-07,81.26,27.28571429,31.7,23.3,17.6
sj,1996,42,1996-10-14,79.95714286,27.57142857,31.7,23.3,8.9
sj,1996,43,1996-10-21,80.73428571,29.04285714,33.9,24.4,6.6
sj,1996,44,1996-10-28,81.13,27.04285714,31.1,21.7,28.9
sj,1996,45,1996-11-04,84.11142857,26.84285714,31.1,22.2,35.6
sj,1996,46,1996-11-11,83.64,26.15714286,30,22.2,25
sj,1996,47,1996-11-18,83.39714286,25.87142857,29.4,22.2,88.3
sj,1996,48,1996-11-25,86.07142857,25.61428571,28.3,22.8,39.5
sj,1996,49,1996-12-02,75.29285714,25.01428571,28.3,21.7,19.6
sj,1996,50,1996-12-09,73.25285714,24.8,30,20.6,3.1
sj,1996,51,1996-12-16,79.37285714,24.95714286,28.9,21.1,25.4
sj,1996,52,1996-12-23,71.06285714,24.51428571,27.8,19.4,4
sj,1997,1,1997-01-01,75.67857143,26.62857143,31.7,21.7,0.5
sj,1997,2,1997-01-08,80.3,24.67142857,27.8,21.1,29
sj,1997,3,1997-01-15,74.94,24.38571429,28.9,19.4,0.6
sj,1997,4,1997-01-22,80.09285714,24.9,28.9,21.1,2
sj,1997,5,1997-01-29,82.38857143,24.62857143,28.3,21.1,58.9
sj,1997,6,1997-02-05,75.07571429,23.7,27.8,19.4,49.5
sj,1997,7,1997-02-12,80.94714286,24.57142857,27.8,21.1,25.4
sj,1997,8,1997-02-19,76.71285714,24.68571429,28.3,21.1,22.9
sj,1997,9,1997-02-26,74.63142857,24.47142857,27.8,21.1,30
sj,1997,10,1997-03-05,74.25571429,24.57142857,27.8,21.1,15.5
sj,1997,11,1997-03-12,75.37285714,24.35714286,27.8,21.1,13.8
sj,1997,12,1997-03-19,76.90428571,24.74285714,28.9,21.1,15.2
sj,1997,13,1997-03-26,74.11857143,25.31428571,31.1,20.6,1.5
sj,1997,14,1997-04-02,74.20571429,25.08571429,29.4,20.6,2.9
sj,1997,15,1997-04-09,74.85,25.35714286,31.1,21.7,0.6
sj,1997,16,1997-04-16,71.55857143,25.9,31.7,20,0.8
sj,1997,17,1997-04-23,75.41714286,27.67142857,34.4,21.1,0
sj,1997,18,1997-04-30,76.95285714,27.77142857,33.9,22.8,0.5
sj,1997,19,1997-05-07,75.87857143,27.92857143,33.9,23.3,0.3
sj,1997,20,1997-05-14,78.53714286,27.57142857,32.8,22.2,12.6
sj,1997,21,1997-05-21,75.98285714,27.58571429,32.2,23.9,12.9
sj,1997,22,1997-05-28,78.71142857,27.31428571,31.7,22.8,30.5
sj,1997,23,1997-06-04,83.48571429,27.27142857,32.8,22.2,31.3
sj,1997,24,1997-06-11,79.74571429,28.6,32.8,23.9,0.3
sj,1997,25,1997-06-18,79.36428571,29.01428571,33.9,23.9,0.5
sj,1997,26,1997-06-25,80.24571429,28.65714286,32.8,23.9,18.6
sj,1997,27,1997-07-02,78.63857143,28.41428571,32.2,24.4,4.1
sj,1997,28,1997-07-09,78.62,29.01428571,33.9,23.9,8.7
sj,1997,29,1997-07-16,80.91714286,28.61428571,32.8,24.4,40.9
sj,1997,30,1997-07-23,82.13285714,27.9,31.7,23.3,51.2
sj,1997,31,1997-07-30,79.45428571,27.82857143,31.7,22.8,16.3
sj,1997,32,1997-08-06,81.10428571,28.64285714,32.2,25,5.2
sj,1997,33,1997-08-13,82.39285714,28.28571429,32.8,23.9,53.4
sj,1997,34,1997-08-20,83.28,28.41428571,32.2,24.4,52.3
sj,1997,35,1997-08-27,81.14285714,27.98571429,32.2,22.8,50
sj,1997,36,1997-09-03,82.22,28.72857143,32.8,25,17
sj,1997,37,1997-09-10,83.16428571,28.95714286,32.8,24.4,15.8
sj,1997,38,1997-09-17,81.80857143,28.9,34.4,25,18.1
sj,1997,39,1997-09-24,78.78,28.4,32.2,23.9,25.4
sj,1997,40,1997-10-01,84.43714286,27.58571429,32.2,21.7,31.2
sj,1997,41,1997-10-08,80.08428571,28.5,33.3,23.3,44.4
sj,1997,42,1997-10-15,83.57571429,27.35714286,31.1,22.8,6.3
sj,1997,43,1997-10-22,82.23428571,27.7,32.8,23.9,8.7
sj,1997,44,1997-10-29,77.53285714,28.38571429,32.8,24.4,0
sj,1997,45,1997-11-05,77.30714286,27.74285714,31.1,23.9,27.1
sj,1997,46,1997-11-12,77.16285714,27.34285714,32.8,22.8,34.6
sj,1997,47,1997-11-19,82.76571429,27.32857143,31.1,23.9,6.1
sj,1997,48,1997-11-26,82.27,27.25714286,30.6,23.9,81.8
sj,1997,49,1997-12-03,79.39571429,26.67142857,31.7,23.3,39.9
sj,1997,50,1997-12-10,74.28142857,26.75714286,32.2,21.7,0
sj,1997,51,1997-12-17,74.79571429,26.57142857,32.2,22.2,1.5
sj,1997,52,1997-12-24,79.47,26.71428571,31.7,22.2,17.3
sj,1998,1,1998-01-01,,,,,
sj,1998,2,1998-01-08,79.63142857,26.35714286,31.7,22.8,33.3
sj,1998,3,1998-01-15,84.69428571,24.88571429,29.4,20.6,152.4
sj,1998,4,1998-01-22,78.18285714,25.61428571,29.4,21.1,4.8
sj,1998,5,1998-01-29,76.26142857,26.54285714,31.1,22.2,1.3
sj,1998,6,1998-02-05,75.77714286,26.58571429,31.7,21.1,0
sj,1998,7,1998-02-12,81.61285714,27.25714286,32.2,22.8,79.2
sj,1998,8,1998-02-19,70.70142857,24.41428571,28.9,20,8.7
sj,1998,9,1998-02-26,75.01571429,26.27142857,31.1,21.1,6.4
sj,1998,10,1998-03-05,77.92428571,25.61428571,32.2,21.1,7
sj,1998,11,1998-03-12,80.77857143,25.81428571,32.2,21.1,15.1
sj,1998,12,1998-03-19,72.64285714,24.88571429,28.9,20.6,27.7
sj,1998,13,1998-03-26,76.67571429,26.22857143,31.1,22.2,16.5
sj,1998,14,1998-04-02,81.40571429,25.71428571,31.7,21.7,15.5
sj,1998,15,1998-04-09,80.19,26.02857143,31.7,21.7,10.7
sj,1998,16,1998-04-16,81.14571429,26.92857143,33.9,22.2,7.9
sj,1998,17,1998-04-23,77.71285714,25.6,29.4,21.7,73.4
sj,1998,18,1998-04-30,80.07285714,26.87142857,31.1,22.8,16.3
sj,1998,19,1998-05-07,77.33142857,26.78571429,31.1,22.2,6.9
sj,1998,20,1998-05-14,78.40142857,27.14285714,33.9,22.2,7.1
sj,1998,21,1998-05-21,84.07142857,27.91428571,34.4,23.3,59.1
sj,1998,22,1998-05-28,84.63571429,27.97142857,31.1,24.4,13.8
sj,1998,23,1998-06-04,82.46,27.85714286,32.2,23.9,10.5
sj,1998,24,1998-06-11,82.30571429,28.42857143,32.8,23.9,38.6
sj,1998,25,1998-06-18,78.53,28.1,32.8,23.9,23.4
sj,1998,26,1998-06-25,84.02571429,28.21428571,32.2,23.9,20.6
sj,1998,27,1998-07-02,80.08571429,28.61428571,32.2,25,0
sj,1998,28,1998-07-09,81.29,28.38571429,32.8,22.8,11.7
sj,1998,29,1998-07-16,78.99,28.38571429,33.3,23.9,62.5
sj,1998,30,1998-07-23,82.21285714,27.55714286,31.7,23.9,81.9
sj,1998,31,1998-07-30,83.74285714,28.27142857,31.7,23.9,20.5
sj,1998,32,1998-08-06,81.21714286,28.45714286,32.2,24.4,6.2
sj,1998,33,1998-08-13,82.8,29.07142857,32.8,24.4,3.8
sj,1998,34,1998-08-20,84.20285714,29.21428571,32.8,25,20.4
sj,1998,35,1998-08-27,83.45,28.04285714,33.9,23.3,146.4
sj,1998,36,1998-09-03,82.19285714,28.75714286,33.9,22.8,27.4
sj,1998,37,1998-09-10,84.00285714,28.32857143,32.2,24.4,61.3
sj,1998,38,1998-09-17,82.33285714,28.72857143,34.4,24.4,39.7
sj,1998,39,1998-09-24,83.33142857,27.77142857,32.2,24.4,123.6
sj,1998,40,1998-10-01,78.78285714,27.91428571,32.8,23.9,24.7
sj,1998,41,1998-10-08,79.99857143,28.25714286,31.7,24.4,25
sj,1998,42,1998-10-15,78.09857143,27.75714286,31.7,23.3,15.5
sj,1998,43,1998-10-22,82.03857143,28.15714286,33.9,23.9,26.7
sj,1998,44,1998-10-29,83.86571429,27.71428571,32.8,23.3,54.6
sj,1998,45,1998-11-05,85.12,27.42857143,31.1,23.3,81.5
sj,1998,46,1998-11-12,80.91428571,27.78571429,32.8,23.3,8.7
sj,1998,47,1998-11-19,86.21428571,26.72857143,30.6,23.3,71.3
sj,1998,48,1998-11-26,80.02142857,26.55714286,30,22.8,29.8
sj,1998,49,1998-12-03,83.02428571,25.64285714,29.4,22.2,48.2
sj,1998,50,1998-12-10,85.91142857,25.81428571,28.9,22.8,97.6
sj,1998,51,1998-12-17,78.66857143,26.07142857,31.1,22.8,18.9
sj,1998,52,1998-12-24,78.41857143,25.92857143,30,22.2,29.7
sj,1999,53,1999-01-01,,,,,
sj,1999,1,1999-01-08,80.59714286,25.57142857,28.9,22.2,16.2
sj,1999,2,1999-01-15,76.95428571,25.07142857,28.3,20,20.6
sj,1999,3,1999-01-22,81.31,24.98571429,30,21.1,27.2
sj,1999,4,1999-01-29,79.67142857,24.88571429,28.3,21.1,8.6
sj,1999,5,1999-02-05,70.19857143,24.17142857,27.8,19.4,18
sj,1999,6,1999-02-12,68.64142857,23.4,27.8,17.8,2.9
sj,1999,7,1999-02-19,76.24571429,24.32857143,29.4,19.4,24.8
sj,1999,8,1999-02-26,72.25142857,24.04285714,28.9,18.9,0
sj,1999,9,1999-03-05,77.42714286,25,29.4,20.6,40.1
sj,1999,10,1999-03-12,71.69142857,24.95714286,29.4,20.6,0
sj,1999,11,1999-03-19,74.80428571,24.88571429,31.1,20.6,8.4
sj,1999,12,1999-03-26,73.94,25.67142857,30.6,21.1,0
sj,1999,13,1999-04-02,78.91,25.74285714,30.6,21.7,7.9
sj,1999,14,1999-04-09,75.38857143,25.61428571,29.4,21.1,30.8
sj,1999,15,1999-04-16,73.64142857,25.38571429,30,21.1,19.8
sj,1999,16,1999-04-23,75.39,26.91428571,32.2,22.8,9.2
sj,1999,17,1999-04-30,74.79857143,26.68571429,31.7,22.2,4.1
sj,1999,18,1999-05-07,78.68285714,28.22857143,33.9,22.2,0.5
sj,1999,19,1999-05-14,76.30857143,26.95714286,32.8,21.7,73.1
sj,1999,20,1999-05-21,76.59857143,27.82857143,33.3,23.3,14.3
sj,1999,21,1999-05-28,79.71714286,28.38571429,33.3,24.4,8.2
sj,1999,22,1999-06-04,77.37142857,28.41428571,33.3,23.9,5.9
sj,1999,23,1999-06-11,80.75428571,27.91428571,33.9,22.8,56.8
sj,1999,24,1999-06-18,79.75,27.7,31.7,23.9,17.6
sj,1999,25,1999-06-25,83.96142857,27.21428571,31.1,22.8,60.6
sj,1999,26,1999-07-02,81.25,28.44285714,31.7,25,5.4
sj,1999,27,1999-07-09,80.79857143,27.4,31.1,22.8,36.6
sj,1999,28,1999-07-16,81.84714286,27.27142857,32.8,23.3,17.5
sj,1999,29,1999-07-23,83.91857143,26.7,31.1,21.7,56.2
sj,1999,30,1999-07-30,80.96857143,28.1,32.8,23.9,19.9
sj,1999,31,1999-08-06,81.67285714,28.37142857,32.8,22.8,18.8
sj,1999,32,1999-08-13,82.64571429,28.08571429,31.7,23.9,26.7
sj,1999,33,1999-08-20,81.38714286,28.37142857,31.7,25,10
sj,1999,34,1999-08-27,81.99857143,27.85714286,33.9,23.9,78.5
sj,1999,35,1999-09-03,81.00285714,28.18571429,32.8,23.9,69.7
sj,1999,36,1999-09-10,79.96571429,28.3,31.7,25,32.5
sj,1999,37,1999-09-17,79.69714286,28.41428571,33.9,24.4,35.1
sj,1999,38,1999-09-24,79.39,28.45714286,32.2,24.4,31.3
sj,1999,39,1999-10-01,79.83714286,28.71428571,34.4,23.9,38.9
sj,1999,40,1999-10-08,79.67428571,28,32.8,23.3,16.2
sj,1999,41,1999-10-15,79.16,27.17142857,31.1,23.3,27.8
sj,1999,42,1999-10-22,82.65714286,26.75714286,31.1,23.9,71.5
sj,1999,43,1999-10-29,85.37714286,27.67142857,32.2,23.3,58.4
sj,1999,44,1999-11-05,81.62857143,27.44285714,32.2,23.9,40.9
sj,1999,45,1999-11-12,81.48857143,26.88571429,30.6,23.9,37.1
sj,1999,46,1999-11-19,85.40428571,26.71428571,30.6,22.8,62.1
sj,1999,47,1999-11-26,86.40571429,26.6,31.7,23.3,88.9
sj,1999,48,1999-12-03,78.68285714,26.1,30.6,21.1,13.2
sj,1999,49,1999-12-10,81.86428571,24.92857143,28.9,21.7,126
sj,1999,50,1999-12-17,72.65285714,24.94285714,28.3,20.6,7.6
sj,1999,51,1999-12-24,76.49714286,24.84285714,27.8,21.7,10.9
sj,2000,52,2000-01-01,76.31714286,25.47142857,29.4,21.1,7.9
sj,2000,1,2000-01-08,79.60714286,25.12857143,29.4,21.7,28.6
sj,2000,2,2000-01-15,77.34285714,25.11428571,28.3,21.7,12
sj,2000,3,2000-01-22,70.45714286,23.61428571,27.2,20,17.7
sj,2000,4,2000-01-29,67.76571429,22.84285714,28.3,17.8,2
sj,2000,5,2000-02-05,74.06285714,25.17142857,30,20.6,14.1
sj,2000,6,2000-02-12,76.50285714,24.92857143,30,20.6,3
sj,2000,7,2000-02-19,76.11714286,25.2,30,21.1,3.8
sj,2000,8,2000-02-26,74.06428571,24.77142857,28.3,20.6,3.8
sj,2000,9,2000-03-04,75.72142857,24.52857143,29.4,20,15
sj,2000,10,2000-03-11,66.73571429,24,29.4,19.4,0
sj,2000,11,2000-03-18,72.14285714,25.07142857,28.9,21.1,0.8
sj,2000,12,2000-03-25,71.39,24.8,29.4,19.4,3.5
sj,2000,13,2000-04-01,71.35142857,24.4,28.9,20,3.1
sj,2000,14,2000-04-08,77.78571429,25.58571429,30.6,21.7,13.3
sj,2000,15,2000-04-15,75.84285714,25.97142857,30.6,20.6,6.3
sj,2000,16,2000-04-22,74.75428571,25.8,29.4,20.6,18.6
sj,2000,17,2000-04-29,78.24428571,26.92857143,32.2,22.2,1.3
sj,2000,18,2000-05-06,76.21428571,27.14285714,32.2,21.7,3.6
sj,2000,19,2000-05-13,78.33714286,26.64285714,30.6,22.2,7.7
sj,2000,20,2000-05-20,77.71285714,26.6,32.2,21.1,83.3
sj,2000,21,2000-05-27,79.19714286,26.81428571,31.1,22.8,0.3
sj,2000,22,2000-06-03,78.53714286,27.55714286,32.2,23.3,25.6
sj,2000,23,2000-06-10,79.05142857,27.85714286,31.7,23.3,4.8
sj,2000,24,2000-06-17,75.74857143,27.98571429,32.8,23.3,26.2
sj,2000,25,2000-06-24,80.84571429,27.42857143,31.1,23.9,15.6
sj,2000,26,2000-07-01,77.61714286,27.77142857,31.7,23.3,31.5
sj,2000,27,2000-07-08,77.68142857,27.97142857,31.1,24.4,27.1
sj,2000,28,2000-07-15,78.12571429,28.27142857,32.2,24.4,3.5
sj,2000,29,2000-07-22,78.60428571,28.52857143,32.8,23.3,22.7
sj,2000,30,2000-07-29,79.00857143,28.32857143,32.8,23.9,7.9
sj,2000,31,2000-08-05,80.75142857,28.21428571,33.3,22.8,32.7
sj,2000,32,2000-08-12,82.02142857,28.27142857,32.8,22.8,37.2
sj,2000,33,2000-08-19,79.50714286,28.61428571,32.8,23.9,26.9
sj,2000,34,2000-08-26,79.55857143,28.72857143,32.8,23.9,13.7
sj,2000,35,2000-09-02,82.67571429,27.18571429,31.1,21.7,156.6
sj,2000,36,2000-09-09,80.67857143,27.98571429,31.7,23.9,16.8
sj,2000,37,2000-09-16,78.94857143,28.18571429,33.3,22.8,9.3
sj,2000,38,2000-09-23,79.58428571,27.75714286,31.7,23.9,18.5
sj,2000,39,2000-09-30,82.28285714,27.52857143,31.1,23.9,30.6
sj,2000,40,2000-10-07,82.58571429,27.77142857,32.8,23.9,16.1
sj,2000,41,2000-10-14,76.37142857,27.8,32.8,23.3,20.1
sj,2000,42,2000-10-21,78.18142857,28.05714286,33.3,23.9,21.8
sj,2000,43,2000-10-28,77.44285714,27.14285714,31.1,23.3,24.1
sj,2000,44,2000-11-04,80.00714286,27.54285714,32.2,23.3,18.8
sj,2000,45,2000-11-11,72.68428571,25.87142857,30.6,21.7,44.9
sj,2000,46,2000-11-18,70.97714286,26.32857143,30,22.2,1.3
sj,2000,47,2000-11-25,72.92571429,26.87142857,30.6,22.8,14.7
sj,2000,48,2000-12-02,77.64857143,26.3,29.4,22.8,30
sj,2000,49,2000-12-09,77.35714286,26.81428571,31.1,22.8,6.4
sj,2000,50,2000-12-16,72.26142857,25.91428571,31.1,21.7,7.1
sj,2000,51,2000-12-23,76.52571429,25.38571429,28.9,21.7,63.2
sj,2001,1,2001-01-01,76.50571429,25.12857143,30,20.6,1.9
sj,2001,2,2001-01-08,74.33571429,25.31428571,30.6,21.1,15.2
sj,2001,3,2001-01-15,71.94142857,25.07142857,30.6,19.4,4.8
sj,2001,4,2001-01-22,75.38,24.95714286,29.4,20.6,31.5
sj,2001,5,2001-01-29,79.03142857,25.24285714,30.6,21.1,21.6
sj,2001,6,2001-02-05,74.34428571,25,29.4,21.1,8.5
sj,2001,7,2001-02-12,75.85142857,25.34285714,29.4,21.1,4.8
sj,2001,8,2001-02-19,73.07285714,24.75714286,28.9,19.4,17.6
sj,2001,9,2001-02-26,76.90714286,24.81428571,28.3,21.7,53.1
sj,2001,10,2001-03-05,73.38714286,24.7,31.7,19.4,0
sj,2001,11,2001-03-12,76.24714286,26.7,31.7,22.2,0.5
sj,2001,12,2001-03-19,72.44285714,26.32857143,30.6,21.7,12.7
sj,2001,13,2001-03-26,80.83571429,26.04285714,32.2,21.7,26.7
sj,2001,14,2001-04-02,74.43,27.08571429,32.2,22.2,0.5
sj,2001,15,2001-04-09,77.02285714,26.27142857,30.6,21.7,13
sj,2001,16,2001-04-16,72.64,26.7,32.2,22.2,8.1
sj,2001,17,2001-04-23,76.58142857,27.2,33.3,22.8,20.6
sj,2001,18,2001-04-30,75.71428571,26.75714286,31.1,22.2,16
sj,2001,19,2001-05-07,78.56714286,27.48571429,32.2,22.8,64.3
sj,2001,20,2001-05-14,82.35,27.85714286,32.2,24.4,60.5
sj,2001,21,2001-05-21,76.07,28.82857143,33.9,23.3,7.4
sj,2001,22,2001-05-28,78.15142857,28.47142857,32.8,25,16.6
sj,2001,23,2001-06-04,77.16285714,28.07142857,32.8,23.9,6.7
sj,2001,24,2001-06-11,76.42571429,28.51428571,33.9,23.9,20.9
sj,2001,25,2001-06-18,75.46142857,27.72857143,31.7,23.9,2.3
sj,2001,26,2001-06-25,77.61714286,28.62857143,33.3,23.9,11.1
sj,2001,27,2001-07-02,79.57857143,28.22857143,32.8,24.4,16.8
sj,2001,28,2001-07-09,77.58285714,28.34285714,31.7,23.9,20
sj,2001,29,2001-07-16,77.58714286,28.11428571,32.8,22.8,10.6
sj,2001,30,2001-07-23,78.06142857,28.58571429,33.9,23.9,4.5
sj,2001,31,2001-07-30,78.67,28.05714286,32.2,23.3,46
sj,2001,32,2001-08-06,79.71285714,27.92857143,32.2,23.9,49
sj,2001,33,2001-08-13,82.08714286,28.64285714,32.2,25.6,24.3
sj,2001,34,2001-08-20,81.07571429,28.97142857,32.8,25.6,1.8
sj,2001,35,2001-08-27,77.34714286,28.27142857,32.8,23.3,65
sj,2001,36,2001-09-03,78.82714286,27.9,32.2,23.3,71.5
sj,2001,37,2001-09-10,77.41,28.37142857,32.2,23.9,5.6
sj,2001,38,2001-09-17,77.23571429,28.08571429,33.3,23.9,56.8
sj,2001,39,2001-09-24,77.55571429,27.97142857,32.8,23.9,15.8
sj,2001,40,2001-10-01,77.63,29.22857143,34.4,24.4,6.6
sj,2001,41,2001-10-08,78.89142857,28.4,33.3,23.9,32
sj,2001,42,2001-10-15,79.27,26.85714286,32.2,22.8,67.6
sj,2001,43,2001-10-22,80.13142857,27.91428571,32.2,22.8,15
sj,2001,44,2001-10-29,80.27,27.94285714,31.1,24.4,11.3
sj,2001,45,2001-11-05,75.42428571,26.72857143,32.2,20,36.7
sj,2001,46,2001-11-12,81.08142857,26.58571429,33.3,22.2,96
sj,2001,47,2001-11-19,79.86142857,26.52857143,31.1,22.8,2.9
sj,2001,48,2001-11-26,74.34428571,26.34285714,29.4,22.8,4.4
sj,2001,49,2001-12-03,74.03857143,25.28571429,31.1,20.6,44
sj,2001,50,2001-12-10,82.16714286,26.31428571,29.4,22.8,87.8
sj,2001,51,2001-12-17,84.01,25.6,29.4,22.8,80.3
sj,2001,52,2001-12-24,85.51428571,25.67142857,30,22.8,106.2
sj,2002,1,2002-01-01,76.43428571,25.52857143,30,20.6,24.9
sj,2002,2,2002-01-08,80.57285714,25.45714286,29.4,21.7,13.7
sj,2002,3,2002-01-15,76.73428571,25.32857143,29.4,21.1,2.9
sj,2002,4,2002-01-22,78.07857143,26.21428571,30.6,22.2,19.1
sj,2002,5,2002-01-29,76.92,25.65714286,29.4,21.7,38.1
sj,2002,6,2002-02-05,76.72285714,24.97142857,28.9,20.6,21.1
sj,2002,7,2002-02-12,75.57714286,25.41428571,29.4,20.6,4.3
sj,2002,8,2002-02-19,75.93285714,25.78571429,31.7,21.1,6.4
sj,2002,9,2002-02-26,73.14714286,25.2,30,21.1,3.3
sj,2002,10,2002-03-05,74.42714286,25.45714286,28.9,20.6,0.6
sj,2002,11,2002-03-12,76.16857143,25.84285714,30,22.2,14.1
sj,2002,12,2002-03-19,74.91714286,25.78571429,30,20.6,6.5
sj,2002,13,2002-03-26,75.21571429,26.75714286,32.8,22.2,0.6
sj,2002,14,2002-04-02,78.56571429,26.22857143,30.6,21.7,7.7
sj,2002,15,2002-04-09,81.14142857,27.11428571,32.2,22.8,15.7
sj,2002,16,2002-04-16,73.84,25.45714286,30,21.7,17.8
sj,2002,17,2002-04-23,83.65714286,25.7,30.6,21.7,69.7
sj,2002,18,2002-04-30,81.70285714,26.45714286,30,22.8,10.5
sj,2002,19,2002-05-07,78.60714286,26.44285714,30,22.8,56.5
sj,2002,20,2002-05-14,76.08714286,26.14285714,30,21.7,15.4
sj,2002,21,2002-05-21,76.90142857,27.71428571,31.7,23.3,2.9
sj,2002,22,2002-05-28,77.09285714,28.17142857,32.8,23.3,4.8
sj,2002,23,2002-06-04,81.85142857,28.44285714,33.3,23.3,12.9
sj,2002,24,2002-06-11,81.04285714,28.45714286,33.3,24.4,4.5
sj,2002,25,2002-06-18,79.73,28.52857143,32.8,24.4,12.7
sj,2002,26,2002-06-25,79.50857143,27.58571429,31.7,22.8,25
sj,2002,27,2002-07-02,77.19857143,28.34285714,31.7,25,3.6
sj,2002,28,2002-07-09,78.74714286,28.15714286,32.2,23.3,29.6
sj,2002,29,2002-07-16,78.31142857,28.28571429,32.8,23.9,57.2
sj,2002,30,2002-07-23,75.86714286,28.22857143,32.8,23.3,16.3
sj,2002,31,2002-07-30,81.62285714,28.48571429,32.8,24.4,28
sj,2002,32,2002-08-06,77.78857143,28.47142857,32.2,25,3.6
sj,2002,33,2002-08-13,78.94428571,28.74285714,33.3,23.9,13.6
sj,2002,34,2002-08-20,79.09428571,28,32.8,23.3,48.1
sj,2002,35,2002-08-27,76.18857143,28.64285714,32.2,24.4,13.5
sj,2002,36,2002-09-03,78.60714286,27.5,31.7,22.8,105
sj,2002,37,2002-09-10,76.67857143,29.15714286,34.4,24.4,2.3
sj,2002,38,2002-09-17,78.48857143,28.65714286,33.3,23.3,53.2
sj,2002,39,2002-09-24,77.85142857,28.2,32.8,23.9,48
sj,2002,40,2002-10-01,79.28142857,27.77142857,33.3,22.8,72.7
sj,2002,41,2002-10-08,78.80857143,27.94285714,31.7,23.9,26
sj,2002,42,2002-10-15,78.94857143,27.54285714,32.2,23.3,6.1
sj,2002,43,2002-10-22,79.21714286,27.98571429,33.3,23.9,53.3
sj,2002,44,2002-10-29,77.62,27.54285714,31.7,23.3,31.3
sj,2002,45,2002-11-05,76.16714286,27.38571429,31.1,23.3,8.4
sj,2002,46,2002-11-12,73.78142857,27.31428571,31.1,22.8,3.8
sj,2002,47,2002-11-19,78.60571429,27.21428571,32.2,23.3,30.8
sj,2002,48,2002-11-26,78.96285714,26.98571429,32.2,21.7,28
sj,2002,49,2002-12-03,74.37285714,26.42857143,31.1,21.7,2.9
sj,2002,50,2002-12-10,74.51714286,26.07142857,30,21.7,40.6
sj,2002,51,2002-12-17,74.94285714,25.92857143,30.6,21.7,18.6
sj,2002,52,2002-12-24,79.48285714,25.7,29.4,22.2,31.7
sj,2003,1,2003-01-01,80.30857143,25.05714286,28.9,21.1,25.7
sj,2003,2,2003-01-08,78.67142857,25.45714286,30,21.1,35.3
sj,2003,3,2003-01-15,75.70285714,25.72857143,31.1,20.6,0
sj,2003,4,2003-01-22,75.01571429,25.68571429,30.6,21.1,2.9
sj,2003,5,2003-01-29,79.51714286,25.32857143,30.6,20.6,59.7
sj,2003,6,2003-02-05,78.84142857,25.2,29.4,21.1,19.4
sj,2003,7,2003-02-12,79.72428571,25.4,29.4,21.7,37.1
sj,2003,8,2003-02-19,75.07714286,25.58571429,30.6,20.6,7.4
sj,2003,9,2003-02-26,74.73428571,25.62857143,30,21.1,8.2
sj,2003,10,2003-03-05,72.69,25.28571429,29.4,20.6,5.1
sj,2003,11,2003-03-12,74.60857143,26.54285714,31.1,21.7,2.6
sj,2003,12,2003-03-19,72.13571429,26.45714286,31.1,21.7,1.3
sj,2003,13,2003-03-26,74.32571429,26.92857143,32.2,22.8,2
sj,2003,14,2003-04-02,76.13428571,26.7,33.3,22.2,30
sj,2003,15,2003-04-09,79.63571429,26.4,32.2,22.8,28.2
sj,2003,16,2003-04-16,80.24142857,26.42857143,31.7,22.8,46.5
sj,2003,17,2003-04-23,83.75142857,25.35714286,30.6,20.6,88.2
sj,2003,18,2003-04-30,80.07142857,26.92857143,32.2,23.3,75.2
sj,2003,19,2003-05-07,74.80857143,27.64285714,32.8,23.3,2.5
sj,2003,20,2003-05-14,74.23,26.9,31.1,22.8,7
sj,2003,21,2003-05-21,76.70428571,27.05714286,31.1,22.8,10.1
sj,2003,22,2003-05-28,81.29142857,27.75714286,32.2,22.8,22.9
sj,2003,23,2003-06-04,76.33428571,27.97142857,32.2,22.8,3.3
sj,2003,24,2003-06-11,77.14142857,27.4,31.1,22.8,33.8
sj,2003,25,2003-06-18,77.73142857,27.47142857,30.6,23.9,36.6
sj,2003,26,2003-06-25,80.98,28.02857143,32.2,24.4,0.6
sj,2003,27,2003-07-02,78.92857143,28.64285714,32.8,24.4,13
sj,2003,28,2003-07-09,79.65857143,28.04285714,31.7,23.9,17.9
sj,2003,29,2003-07-16,79.74428571,27.47142857,31.7,21.7,43
sj,2003,30,2003-07-23,77.8,28.14285714,32.8,23.3,8
sj,2003,31,2003-07-30,82.60142857,27.87142857,31.7,24.4,48.9
sj,2003,32,2003-08-06,80.84,28.07142857,31.7,25,8.2
sj,2003,33,2003-08-13,79.78857143,27.92857143,32.2,24.4,17
sj,2003,34,2003-08-20,78.25428571,28.14285714,32.2,23.9,25.7
sj,2003,35,2003-08-27,80.79714286,27.91428571,31.7,23.3,69.6
sj,2003,36,2003-09-03,82.78428571,27.68571429,31.7,24.4,29.8
sj,2003,37,2003-09-10,79.70428571,28.72857143,34.4,25,20.9
sj,2003,38,2003-09-17,77.36714286,28.87142857,34.4,25,2.3
sj,2003,39,2003-09-24,80.53,28.04285714,33.9,22.2,76.5
sj,2003,40,2003-10-01,79.35571429,28.6,32.2,25,9.9
sj,2003,41,2003-10-08,76.43571429,28.1,31.7,24.4,0.8
sj,2003,42,2003-10-15,80.25,27.12857143,32.2,22.8,61
sj,2003,43,2003-10-22,77.53142857,28.02857143,32.8,23.9,10.9
sj,2003,44,2003-10-29,77.56142857,27.8,33.3,23.9,11
sj,2003,45,2003-11-05,78.08,27.37142857,32.8,22.2,62.4
sj,2003,46,2003-11-12,81.82571429,27.15714286,31.7,22.8,74.7
sj,2003,47,2003-11-19,87.57571429,26.3,31.7,23.9,133.2
sj,2003,48,2003-11-26,83.41,25.97142857,30.6,22.8,54.2
sj,2003,49,2003-12-03,77.30857143,26.18571429,29.4,21.7,2.1
sj,2003,50,2003-12-10,78.23285714,25.64285714,29.4,22.2,82.8
sj,2003,51,2003-12-17,80.79714286,25.84285714,29.4,22.2,11
sj,2003,52,2003-12-24,78.68857143,26.01428571,30,21.1,12
sj,2004,1,2004-01-01,,,,,
sj,2004,2,2004-01-08,72.57714286,24.38571429,27.8,20.6,15.6
sj,2004,3,2004-01-15,78.94285714,24.34285714,28.3,20,23.7
sj,2004,4,2004-01-22,78.26428571,24.52857143,27.8,20.6,10.2
sj,2004,5,2004-01-29,75.42285714,24.62857143,28.9,20,1.8
sj,2004,6,2004-02-05,76.52285714,24.98571429,31.1,19.4,4.6
sj,2004,7,2004-02-12,74.65,24.88571429,28.9,20,15
sj,2004,8,2004-02-19,73.79142857,25.2,29.4,20.6,11.4
sj,2004,9,2004-02-26,79.02714286,24.18571429,28.3,19.4,19.3
sj,2004,10,2004-03-04,77.76142857,25.15714286,31.1,20.6,15.8
sj,2004,11,2004-03-11,72.30571429,25.42857143,30.6,21.1,2.5
sj,2004,12,2004-03-18,78.54714286,25.91428571,31.1,20.6,12.2
sj,2004,13,2004-03-25,76.87142857,25.55714286,30,21.1,3
sj,2004,14,2004-04-01,80.36571429,24.7,28.9,20.6,60.7
sj,2004,15,2004-04-08,76.44571429,25.4,31.1,20.6,5.6
sj,2004,16,2004-04-15,77.06,25.95714286,29.4,22.8,31.5
sj,2004,17,2004-04-22,71.95428571,25.84285714,29.4,21.7,5.6
sj,2004,18,2004-04-29,78.60285714,26.15714286,30,22.8,23.4
sj,2004,19,2004-05-06,75.38571429,26.27142857,30.6,22.2,30.2
sj,2004,20,2004-05-13,81.71142857,26.72857143,31.1,22.8,18.1
sj,2004,21,2004-05-20,83.83285714,26.04285714,29.4,22.8,53.6
sj,2004,22,2004-05-27,83.55,24.81428571,28.9,21.7,145.8
sj,2004,23,2004-06-03,80.91428571,27.95714286,33.3,22.8,4.6
sj,2004,24,2004-06-10,80.17714286,28.04285714,31.7,23.9,17.6
sj,2004,25,2004-06-17,81.56142857,28.32857143,33.3,22.8,81.5
sj,2004,26,2004-06-24,78.29714286,28.22857143,32.2,23.9,8.9
sj,2004,27,2004-07-01,78.48142857,28.34285714,32.2,23.3,67.6
sj,2004,28,2004-07-08,79.18142857,27.82857143,31.1,23.3,76.5
sj,2004,29,2004-07-15,79.99571429,28.24285714,31.7,25,16
sj,2004,30,2004-07-22,77.49857143,28.01428571,31.7,23.9,26.2
sj,2004,31,2004-07-29,81.80714286,28.04285714,31.7,23.9,44
sj,2004,32,2004-08-05,79.02571429,28.52857143,32.2,24.4,12.8
sj,2004,33,2004-08-12,76.17142857,28.94285714,33.9,24.4,10.5
sj,2004,34,2004-08-19,81.26428571,29,32.2,24.4,28.3
sj,2004,35,2004-08-26,79.68428571,29.05714286,33.3,25,20.6
sj,2004,36,2004-09-02,76.71142857,28.61428571,32.8,24.4,23.8
sj,2004,37,2004-09-09,79.86571429,28.98571429,33.9,25,20.6
sj,2004,38,2004-09-16,80.03285714,28.64285714,32.2,24.4,32.8
sj,2004,39,2004-09-23,85.33,27.22857143,33.9,23.3,158.2
sj,2004,40,2004-09-30,76.47142857,29.14285714,34.4,24.4,21.8
sj,2004,41,2004-10-07,78.47714286,28.28571429,31.7,24.4,24.4
sj,2004,42,2004-10-14,80.66571429,28.12857143,32.2,23.9,41.4
sj,2004,43,2004-10-21,76.92285714,28.28571429,32.2,23.9,15.1
sj,2004,44,2004-10-28,80.65571429,27.5,31.7,23.9,34.1
sj,2004,45,2004-11-04,77.53285714,27.05714286,30.6,22.8,109
sj,2004,46,2004-11-11,77.31142857,27.24285714,31.1,23.9,7.7
sj,2004,47,2004-11-18,83.62857143,26.32857143,28.9,23.3,70.7
sj,2004,48,2004-11-25,74.30285714,26.32857143,29.4,23.3,26.9
sj,2004,49,2004-12-02,73.75714286,25.64285714,28.9,21.1,7.7
sj,2004,50,2004-12-09,74.32571429,25.15714286,28.9,20.6,10.4
sj,2004,51,2004-12-16,80.88857143,26.27142857,30.6,22.8,30.6
sj,2004,52,2004-12-23,83.95285714,26.24285714,30,22.8,55.7
sj,2005,53,2005-01-01,,,,,
sj,2005,1,2005-01-08,74.77857143,24.98571429,28.3,21.1,23.8
sj,2005,2,2005-01-15,78.79857143,25.2,28.3,22.2,55.6
sj,2005,3,2005-01-22,83.05571429,25.22857143,28.3,21.7,32.4
sj,2005,4,2005-01-29,78.53857143,23.75714286,28.3,17.8,34
sj,2005,5,2005-02-05,78.64,23.71428571,27.8,19.4,5.4
sj,2005,6,2005-02-12,70.79571429,23.31428571,26.7,19.4,10.1
sj,2005,7,2005-02-19,72.24571429,23.41428571,26.7,18.9,4.6
sj,2005,8,2005-02-26,74.19142857,24.48571429,27.2,21.7,2.1
sj,2005,9,2005-03-05,78.66714286,25.02857143,30.6,20,5.3
sj,2005,10,2005-03-12,77.39285714,26.01428571,31.1,20,0
sj,2005,11,2005-03-19,73.58571429,25.84285714,33.3,20,0
sj,2005,12,2005-03-26,73.86714286,26.4,32.8,20,0
sj,2005,13,2005-04-02,75.73714286,27.48571429,33.3,22.2,0
sj,2005,14,2005-04-09,78.00285714,27.3,33.3,22.2,7.4
sj,2005,15,2005-04-16,77.65,27.4,32.8,22.8,21.1
sj,2005,16,2005-04-23,77.24285714,28.17142857,33.9,22.2,97.3
sj,2005,17,2005-04-30,81.75142857,26.78571429,32.8,22.8,207.5
sj,2005,18,2005-05-07,78.90714286,27.37142857,31.7,23.3,48.2
sj,2005,19,2005-05-14,75.69857143,27.3,31.7,23.3,11.4
sj,2005,20,2005-05-21,83.76285714,26.27142857,30.6,22.2,110.9
sj,2005,21,2005-05-28,84.33571429,28.38571429,35,23.9,71.2
sj,2005,22,2005-06-04,82.63,28.84285714,34.4,25,23.9
sj,2005,23,2005-06-11,76.94,28.72857143,32.8,24.4,4.4
sj,2005,24,2005-06-18,81.51571429,27.51428571,31.1,23.9,44.5
sj,2005,25,2005-06-25,79.71857143,30.02857143,34.4,25,0
sj,2005,26,2005-07-02,80.01285714,29.04285714,33.3,24.4,52.3
sj,2005,27,2005-07-09,79.37714286,29.02857143,33.9,25,34.8
sj,2005,28,2005-07-16,80.56142857,28.44285714,32.8,24.4,52.8
sj,2005,29,2005-07-23,79.48142857,28.38571429,32.8,23.9,50.3
sj,2005,30,2005-07-30,82.40857143,28.92857143,32.2,23.9,73.8
sj,2005,31,2005-08-06,79.62142857,28.94285714,33.3,25,41
sj,2005,32,2005-08-13,79.25285714,29.47142857,33.9,25.6,12.6
sj,2005,33,2005-08-20,77.74,29.32857143,33.3,25.6,18.1
sj,2005,34,2005-08-27,76.73428571,27.92857143,33.3,22.8,31.7
sj,2005,35,2005-09-03,79.08142857,28.08571429,32.2,22.2,104.4
sj,2005,36,2005-09-10,75.43857143,28.85714286,33.9,24.4,8.9
sj,2005,37,2005-09-17,77.27285714,29.24285714,33.9,24.4,61
sj,2005,38,2005-09-24,76.66142857,28.58571429,32.2,24.4,15.1
sj,2005,39,2005-10-01,79.08285714,28.62857143,32.2,25,19.8
sj,2005,40,2005-10-08,78.35142857,28.01428571,32.8,23.3,18.6
sj,2005,41,2005-10-15,82.26428571,27.01428571,32.2,22.8,126.9
sj,2005,42,2005-10-22,82.39,28.04285714,33.9,23.3,45.5
sj,2005,43,2005-10-29,82.42285714,27.97142857,33.3,23.9,55.1
sj,2005,44,2005-11-05,78.97,27.95714286,32.8,23.9,57.2
sj,2005,45,2005-11-12,79.32714286,27.87142857,32.8,23.3,32.5
sj,2005,46,2005-11-19,79.90142857,27.15714286,31.1,23.3,41.5
sj,2005,47,2005-11-26,77.24571429,26.52857143,30,22.2,23.6
sj,2005,48,2005-12-03,78.62428571,26.22857143,30.6,22.8,80.7
sj,2005,49,2005-12-10,71.45571429,24.98571429,28.9,20.6,27.5
sj,2005,50,2005-12-17,75.07571429,25.45714286,29.4,21.1,30
sj,2005,51,2005-12-24,77.31571429,24.62857143,28.9,20.6,29.1
sj,2006,52,2006-01-01,76.57857143,25.88571429,30,21.1,18.6
sj,2006,1,2006-01-08,74.50857143,24.65714286,28.3,20.6,8.1
sj,2006,2,2006-01-15,72.92857143,24.05714286,27.8,18.9,21.9
sj,2006,3,2006-01-22,78.72,24.71428571,30.6,20.6,101.1
sj,2006,4,2006-01-29,74.89714286,24.28571429,27.2,20.6,29.2
sj,2006,5,2006-02-05,72.87285714,23.41428571,28.9,18.9,7.6
sj,2006,6,2006-02-12,76.90714286,23.91428571,28.3,19.4,26.6
sj,2006,7,2006-02-19,78.49428571,24.74285714,30.6,20,15
sj,2006,8,2006-02-26,73.41428571,24.85714286,28.9,21.1,2.6
sj,2006,9,2006-03-05,70.69714286,25.3,30.6,21.1,0
sj,2006,10,2006-03-12,74.28,25.52857143,30.6,21.1,3.3
sj,2006,11,2006-03-19,73.21,25.51428571,29.4,21.7,2.2
sj,2006,12,2006-03-26,75.52714286,25.68571429,29.4,21.7,7.4
sj,2006,13,2006-04-02,74.98428571,26.65714286,32.8,22.2,7.9
sj,2006,14,2006-04-09,79.60285714,25.42857143,30.6,21.1,84.6
sj,2006,15,2006-04-16,76.33285714,25.85714286,30.6,22.2,48.3
sj,2006,16,2006-04-23,78.02428571,26.68571429,30.6,22.8,5.4
sj,2006,17,2006-04-30,76.60428571,26.31428571,30.6,22.8,75.2
sj,2006,18,2006-05-07,78.09857143,26.5,31.1,22.2,66.1
sj,2006,19,2006-05-14,75.92714286,25.94285714,29.4,22.2,80.8
sj,2006,20,2006-05-21,84.31,27.81428571,33.3,23.3,15.6
sj,2006,21,2006-05-28,78.4,29.02857143,33.9,24.4,0.5
sj,2006,22,2006-06-04,75.81142857,28.58571429,33.9,24.4,22.1
sj,2006,23,2006-06-11,75.6,28.91428571,34.4,24.4,1.3
sj,2006,24,2006-06-18,75.92,28.94285714,34.4,23.3,34
sj,2006,25,2006-06-25,79.69571429,28.07142857,33.3,23.9,25.5
sj,2006,26,2006-07-02,82.16,27.87142857,33.3,22.8,58.2
sj,2006,27,2006-07-09,78.60428571,27.94285714,32.2,22.8,26.7
sj,2006,28,2006-07-16,81.47714286,27.84285714,32.8,22.8,51.6
sj,2006,29,2006-07-23,80.53857143,27.48571429,31.7,22.8,36.8
sj,2006,30,2006-07-30,78.77285714,28.6,33.9,23.9,13.3
sj,2006,31,2006-08-06,81.64571429,27.82857143,32.2,22.8,100
sj,2006,32,2006-08-13,80.65428571,27.44285714,31.1,23.9,40.9
sj,2006,33,2006-08-20,78.62714286,28.64285714,32.2,24.4,1.5
sj,2006,34,2006-08-27,79.81428571,27.98571429,32.2,23.9,30.7
sj,2006,35,2006-09-03,79.15428571,28.12857143,31.7,23.3,33.8
sj,2006,36,2006-09-10,78.12428571,28.54285714,32.2,24.4,9.8
sj,2006,37,2006-09-17,77.93,28.52857143,33.3,23.9,25.3
sj,2006,38,2006-09-24,75.86142857,28.82857143,33.3,23.9,2.3
sj,2006,39,2006-10-01,76.95285714,28.95714286,32.8,25,6.2
sj,2006,40,2006-10-08,74.73285714,28.85714286,33.9,24.4,7.3
sj,2006,41,2006-10-15,76.00714286,28.7,33.3,23.9,28
sj,2006,42,2006-10-22,79.41428571,28.35714286,33.3,23.9,140.8
sj,2006,43,2006-10-29,79.93,28.11428571,32.8,23.3,65.8
sj,2006,44,2006-11-05,81.08571429,28.5,32.2,25,38
sj,2006,45,2006-11-12,75.56857143,27.98571429,31.7,24.4,18
sj,2006,46,2006-11-19,72.68428571,27.18571429,31.7,23.3,18.5
sj,2006,47,2006-11-26,75.6,27.04285714,32.8,22.8,0.8
sj,2006,48,2006-12-03,76.82857143,27.41428571,32.2,22.2,88.7
sj,2006,49,2006-12-10,74.43142857,25.94285714,29.4,22.2,68
sj,2006,50,2006-12-17,78.63857143,26.52857143,30,22.8,6.9
sj,2006,51,2006-12-24,75.24,25.92857143,30,22.2,26.9
sj,2007,1,2007-01-01,76.52857143,25.35714286,28.3,21.7,21.7
sj,2007,2,2007-01-08,74.81142857,25.08571429,29.4,21.1,14.8
sj,2007,3,2007-01-15,77.64714286,24.97142857,28.3,20.6,21.4
sj,2007,4,2007-01-22,73.80428571,25,28.3,21.1,16.8
sj,2007,5,2007-01-29,72.76,25.08571429,30.6,20.6,0
sj,2007,6,2007-02-05,74.8,25.6,30,21.1,3.3
sj,2007,7,2007-02-12,75.75428571,26.15714286,32.2,21.1,0.3
sj,2007,8,2007-02-19,73.93285714,26.41428571,31.1,21.7,1.5
sj,2007,9,2007-02-26,78.12571429,25.62857143,31.7,21.1,22.9
sj,2007,10,2007-03-05,75.01428571,26.55714286,32.2,22.2,8.4
sj,2007,11,2007-03-12,74.02571429,26.71428571,31.7,21.7,0.3
sj,2007,12,2007-03-19,75.43857143,26.85714286,32.8,22.2,0.5
sj,2007,13,2007-03-26,76.78428571,27.12857143,33.3,22.8,7.6
sj,2007,14,2007-04-02,76.21428571,25.6,30,21.7,40.2
sj,2007,15,2007-04-09,73.30142857,26.38571429,32.8,20.6,3.3
sj,2007,16,2007-04-16,74.83285714,27.72857143,33.3,22.8,1.8
sj,2007,17,2007-04-23,81.11285714,26.87142857,34.4,21.7,163.1
sj,2007,18,2007-04-30,82.08428571,26.21428571,30,22.2,79.8
sj,2007,19,2007-05-07,79.19428571,27.32857143,31.7,23.3,20.5
sj,2007,20,2007-05-14,76.76,29,33.3,24.4,0.3
sj,2007,21,2007-05-21,73.98142857,28.75714286,33.3,23.9,0.5
sj,2007,22,2007-05-28,76.02285714,28.45714286,32.8,23.9,17
sj,2007,23,2007-06-04,74.96285714,29.2,33.9,23.3,33.3
sj,2007,24,2007-06-11,76.16285714,28.54285714,34.4,23.9,47.6
sj,2007,25,2007-06-18,74.16,29.01428571,33.9,24.4,4.3
sj,2007,26,2007-06-25,76.32857143,29.27142857,33.9,25,1.5
sj,2007,27,2007-07-02,74.92142857,28.84285714,33.3,24.4,17.3
sj,2007,28,2007-07-09,75.24142857,28.87142857,33.3,24.4,10
sj,2007,29,2007-07-16,75.14285714,28.57142857,33.3,24.4,21.3
sj,2007,30,2007-07-23,80.80857143,28.57142857,33.3,25,69.8
sj,2007,31,2007-07-30,74.26428571,28.62857143,32.8,24.4,14.5
sj,2007,32,2007-08-06,77.76571429,28.61428571,31.7,24.4,6.4
sj,2007,33,2007-08-13,78.64,28.38571429,31.7,23.3,24.9
sj,2007,34,2007-08-20,78.46142857,28.45714286,33.9,23.9,35.3
sj,2007,35,2007-08-27,77.56428571,28.38571429,33.9,23.9,20.1
sj,2007,36,2007-09-03,75.34571429,28.31428571,33.3,23.9,25.9
sj,2007,37,2007-09-10,75.19571429,28.87142857,33.9,25,10.4
sj,2007,38,2007-09-17,75.97,28.3,32.8,24.4,26.9
sj,2007,39,2007-09-24,76.40571429,28.17142857,32.2,24.4,21.3
sj,2007,40,2007-10-01,77.19,27.98571429,32.8,22.2,86.6
sj,2007,41,2007-10-08,79.17857143,28.12857143,33.3,23.9,14.5
sj,2007,42,2007-10-15,73.86714286,29.1,33.9,24.4,10.2
sj,2007,43,2007-10-22,73.66142857,27.95714286,32.2,24.4,8.6
sj,2007,44,2007-10-29,81.59428571,26.2,30.6,22.2,89.2
sj,2007,45,2007-11-05,75.35,27.44285714,32.2,22.8,4.1
sj,2007,46,2007-11-12,77.48142857,26.81428571,31.1,22.8,65.7
sj,2007,47,2007-11-19,78.52571429,26.9,31.1,22.8,40.4
sj,2007,48,2007-11-26,70.72714286,25.44285714,28.9,22.2,36.4
sj,2007,49,2007-12-03,75.36857143,25.84285714,29.4,22.8,34.5
sj,2007,50,2007-12-10,78.01571429,25.77142857,28.9,22.2,30.2
sj,2007,51,2007-12-17,80.17857143,25.07142857,28.9,21.7,108.2
sj,2007,52,2007-12-24,75.44857143,25.08571429,28.3,21.1,16.8
sj,2008,1,2008-01-01,76.14857143,25.4,29.4,22.2,55.5
sj,2008,2,2008-01-08,76.13142857,24.97142857,28.3,21.1,64.8
sj,2008,3,2008-01-15,75.64285714,24.42857143,27.8,20.6,2.5
sj,2008,4,2008-01-22,77.16714286,24.52857143,27.8,21.1,83.1
sj,2008,5,2008-01-29,73.56571429,24.57142857,28.9,20,3.1
sj,2008,6,2008-02-05,70.64285714,24.21428571,27.2,21.1,35.9
sj,2008,7,2008-02-12,74.22857143,24.8,28.3,21.1,6.4
sj,2008,8,2008-02-19,74.78571429,24.9,28.3,21.7,13.3
sj,2008,9,2008-02-26,72.66,24.74285714,27.8,21.1,12.9
sj,2008,10,2008-03-04,74.68142857,25.11428571,29.4,21.1,13
sj,2008,11,2008-03-11,71.93428571,25.32857143,28.9,22.2,4.4
sj,2008,12,2008-03-18,72.91571429,25.2,30,20.6,0.5
sj,2008,13,2008-03-25,74.24714286,25.04285714,30,21.1,1.8
sj,2008,14,2008-04-01,74.6,26.24285714,30.6,22.2,0.5
sj,2008,15,2008-04-08,75.02714286,25,29.4,21.7,30.7
sj,2008,16,2008-04-15,72.28571429,25.31428571,29.4,21.7,11.2
sj,2008,17,2008-04-22,76.96,27.04285714,31.7,23.3,0.3
iq,2000,26,2000-07-01,92.41857143,26.4,32.5,20.7,3
iq,2000,27,2000-07-08,93.58142857,26.9,34,20.8,55.6
iq,2000,28,2000-07-15,95.84857143,26.8,33,20.7,38.1
iq,2000,29,2000-07-22,87.23428571,25.76666667,31.5,14.7,30
iq,2000,30,2000-07-29,88.16142857,26.6,33.3,19.1,4
iq,2000,31,2000-08-05,74.72857143,25.34,32,17,11.5
iq,2000,32,2000-08-12,83.27571429,27.01666667,34,19.9,72.9
iq,2000,33,2000-08-19,82.49,26.58333333,33,20.5,50.1
iq,2000,34,2000-08-26,74.74,26.9,34,19,89.2
iq,2000,35,2000-09-02,74.15142857,27.11666667,34,20,78
iq,2000,36,2000-09-09,57.78714286,28.36666667,35.8,21.7,56.9
iq,2000,37,2000-09-16,71.66,27.425,34.5,20.5,18.9
iq,2000,38,2000-09-23,77.48714286,27.53333333,36,20.5,104.2
iq,2000,39,2000-09-30,71.46285714,27.15,34,20.5,57.9
iq,2000,40,2000-10-07,82.37142857,26.7,34,20,63
iq,2000,41,2000-10-14,81.52285714,27.65714286,34,21,3
iq,2000,42,2000-10-21,75.54,27.775,36,21,45.2
iq,2000,43,2000-10-28,76.94142857,28,34.6,20,57.9
iq,2000,44,2000-11-04,79.42857143,27.6,35.5,21.1,7.1
iq,2000,45,2000-11-11,74.80285714,28.175,35.2,21.5,13.5
iq,2000,46,2000-11-18,67.18571429,29.025,36.4,21.7,0
iq,2000,47,2000-11-25,66.04285714,27.7,36.5,21.5,
iq,2000,48,2000-12-02,78.88571429,27.05,34.2,21,19
iq,2000,49,2000-12-09,68.55714286,28,34,22,0.8
iq,2000,50,2000-12-16,80.40857143,26.61666667,33.8,21,67.2
iq,2000,51,2000-12-23,60.64142857,28.2,35,21,0
iq,2001,1,2001-01-01,94.95571429,27.33333333,33.3,21.8,38.9
iq,2001,2,2001-01-08,82.34714286,27,33.2,20.7,59.9
iq,2001,3,2001-01-15,84.17571429,27.05,33,20.5,52
iq,2001,4,2001-01-22,94.05714286,25.71666667,31.2,20,166.9
iq,2001,5,2001-01-29,95.40714286,26.43333333,33,20,147.8
iq,2001,6,2001-02-05,89.08,27.35,34.2,21.7,3.3
iq,2001,7,2001-02-12,94.88428571,26.3,33,21,83.1
iq,2001,8,2001-02-19,92.84285714,26.93333333,33.2,21,38.1
iq,2001,9,2001-02-26,93.31428571,26.56,33.2,20.5,21.1
iq,2001,10,2001-03-05,94.09285714,27.2,33.3,20,87.1
iq,2001,11,2001-03-12,94.09428571,27.05,34.2,20,39.9
iq,2001,12,2001-03-19,82.80142857,27.43333333,34.1,20,70.8
iq,2001,13,2001-03-26,95.92428571,27.05,34.2,20,80
iq,2001,14,2001-04-02,96.73714286,27.16,35,20.5,46.2
iq,2001,15,2001-04-09,94.60285714,26.46,34,19.5,120.1
iq,2001,16,2001-04-16,94.61571429,27.34,33.5,20.4,45.3
iq,2001,17,2001-04-23,88.14857143,27.63333333,34.3,21,14.9
iq,2001,18,2001-04-30,92.19285714,27.625,35.2,20.5,51
iq,2001,19,2001-05-07,95.82,26.6,32.7,21.4,66
iq,2001,20,2001-05-14,98.34142857,,32.5,,0
iq,2001,21,2001-05-21,94.71,27.43333333,34.2,20.5,64.1
iq,2001,22,2001-05-28,91.46571429,27.25,34.8,20.5,32
iq,2001,23,2001-06-04,89.48714286,26.86666667,34,19.8,17
iq,2001,24,2001-06-11,94.01714286,26.88,33.4,20,37.1
iq,2001,25,2001-06-18,88.17142857,26.4,33.2,20.5,9.9
iq,2001,26,2001-06-25,79.32285714,,32.3,17.1,31
iq,2001,27,2001-07-02,84.85714286,26.5,33.2,20,70.1
iq,2001,28,2001-07-09,88.32285714,27.35,33.5,19.5,22.3
iq,2001,29,2001-07-16,84.24571429,26.76666667,32.8,21,36.8
iq,2001,30,2001-07-23,90.81428571,27.36666667,34,21.2,25.2
iq,2001,31,2001-07-30,82.22571429,26.52,34,18.4,10.9
iq,2001,32,2001-08-06,66.66428571,27.1,33.5,17.8,
iq,2001,33,2001-08-13,69.47571429,27.125,33.4,20,18
iq,2001,34,2001-08-20,78.38857143,27.6,34.2,20,47.9
iq,2001,35,2001-08-27,76.95571429,27.2,35.2,20,31
iq,2001,36,2001-09-03,81.98714286,27.375,34.3,20.8,35.1
iq,2001,37,2001-09-10,78.95714286,27.375,35.2,20.1,41.9
iq,2001,38,2001-09-17,84.03285714,27.525,35,20.2,69
iq,2001,39,2001-09-24,79.36571429,27.25,33.4,20.3,13.2
iq,2001,40,2001-10-01,78.33,28.3,35.5,20.4,14.2
iq,2001,41,2001-10-08,74.41857143,28.525,36.8,21.8,30.9
iq,2001,42,2001-10-15,72.16285714,27.63333333,36.7,20,159
iq,2001,43,2001-10-22,90.26571429,28.06666667,35,21,89.1
iq,2001,44,2001-10-29,85.57285714,27.64,35.8,21.5,76
iq,2001,45,2001-11-05,89.00428571,27.525,34.4,21.3,35.1
iq,2001,46,2001-11-12,87.48142857,28.44,34.5,21,43.9
iq,2001,47,2001-11-19,88.83714286,27.575,33.7,20.8,31
iq,2001,48,2001-11-26,87.37714286,28.23333333,35.3,21.8,12.2
iq,2001,49,2001-12-03,87.24,28.425,35.5,21.2,23.1
iq,2001,50,2001-12-10,96.11857143,27.84,35,21,75
iq,2001,51,2001-12-17,93.94714286,27.075,32.9,21,57.9
iq,2001,52,2001-12-24,96.35571429,27.35,33.3,22,25.1
iq,2002,1,2002-01-01,94.58857143,27.95,33.2,23,45.3
iq,2002,2,2002-01-08,76.60285714,28.96666667,35.4,21,7.1
iq,2002,3,2002-01-15,75.20428571,28.8,36,22,5
iq,2002,4,2002-01-22,81.52714286,27.94,35.8,21,18
iq,2002,5,2002-01-29,96.26714286,26.3,32.5,20.8,120.2
iq,2002,6,2002-02-05,96.64142857,26.625,34,20.8,70.4
iq,2002,7,2002-02-12,93.43857143,27.85,33.6,20.8,62.8
iq,2002,8,2002-02-19,92.05,27.02,33.5,21,14
iq,2002,9,2002-02-26,97.15714286,26.7,32.2,20.5,47.6
iq,2002,10,2002-03-05,91.22142857,27.85,35.7,21,48.3
iq,2002,11,2002-03-12,89.77857143,26.95,34.5,21.6,9.1
iq,2002,12,2002-03-19,94.16571429,26.95,33.3,20.6,76.8
iq,2002,13,2002-03-26,98.45714286,26.1,32.3,20.7,49
iq,2002,14,2002-04-02,97.77571429,27.3,32.5,20.2,20.1
iq,2002,15,2002-04-09,97.24428571,26.3,31.4,20.8,13
iq,2002,16,2002-04-16,92.61571429,27.2,34.6,20.3,
iq,2002,17,2002-04-23,95.25142857,27.26666667,33.3,21.7,53.9
iq,2002,18,2002-04-30,93.84571429,,33.5,21.2,1
iq,2002,19,2002-05-07,95.22,27.5,34,21.3,25.4
iq,2002,20,2002-05-14,97.24285714,26.86666667,32.3,20.8,543.3
iq,2002,21,2002-05-21,94.80428571,27.7,33.8,20.8,9.1
iq,2002,22,2002-05-28,93.78857143,26.325,32.3,20.8,146.7
iq,2002,23,2002-06-04,94.34571429,27.3,34.3,20.7,28
iq,2002,24,2002-06-11,94.14428571,27.8,34,20.7,1
iq,2002,25,2002-06-18,85.73714286,26.23333333,33,18.8,31
iq,2002,26,2002-06-25,82.16714286,26.15,32.6,18.6,7.1
iq,2002,27,2002-07-02,85.56571429,26.275,32.6,20.7,5.1
iq,2002,28,2002-07-09,85.67285714,26.13333333,32.3,20.3,26.3
iq,2002,29,2002-07-16,84.66857143,25.4,30.1,20.1,0
iq,2002,30,2002-07-23,83.49714286,27.8,33.6,19.5,68.1
iq,2002,31,2002-07-30,87.03428571,26.7,33.8,19.3,35.6
iq,2002,32,2002-08-06,80.47,27.25,34,20.2,0
iq,2002,33,2002-08-13,69.06,27.83333333,35.1,20.6,7.1
iq,2002,34,2002-08-20,82.14142857,,33.1,20.8,70.6
iq,2002,35,2002-08-27,77.76571429,27.4,35.1,20.9,24.1
iq,2002,36,2002-09-03,77.08285714,27.4,33.3,21.7,17
iq,2002,37,2002-09-10,73.14142857,28.23333333,35.9,19.9,89.9
iq,2002,38,2002-09-17,64.68857143,28.9,36.6,21.5,0.8
iq,2002,39,2002-09-24,79.56285714,27.9,36,20.4,86.9
iq,2002,40,2002-10-01,74.25,29.2,37.7,21.7,74.2
iq,2002,41,2002-10-08,85.13714286,28.075,34.6,21.8,79.8
iq,2002,42,2002-10-15,86.99857143,28,34.2,22,4.5
iq,2002,43,2002-10-22,87.71714286,27.95,36,21.8,167.8
iq,2002,44,2002-10-29,91.94428571,,34.1,22.5,34.1
iq,2002,45,2002-11-05,95.28571429,28.3,33.8,22.6,63.9
iq,2002,46,2002-11-12,96.04714286,27.6,33.6,21.4,212.6
iq,2002,47,2002-11-19,96.84,27.35,33.5,21.7,77
iq,2002,48,2002-11-26,93.39571429,28.1,34,22,17.2
iq,2002,49,2002-12-03,90.66285714,28.5,33.7,22.9,46
iq,2002,50,2002-12-10,92.61428571,27.65,34,22.9,57.2
iq,2002,51,2002-12-17,93.84571429,27.98,34,23.3,24
iq,2002,52,2002-12-24,93.40857143,27.975,33.8,21.9,137.9
iq,2003,1,2003-01-01,84.06,28.45,34.4,22.4,92.9
iq,2003,2,2003-01-08,91.56,28.93333333,35,22.1,35.1
iq,2003,3,2003-01-15,94.37428571,28,33.3,22.5,164.4
iq,2003,4,2003-01-22,84.46,28.4,34.2,23,67.1
iq,2003,5,2003-01-29,74.88428571,28.6,35.4,22.5,7.9
iq,2003,6,2003-02-05,94.55285714,26.6,33.8,22.4,41.9
iq,2003,7,2003-02-12,94.35428571,26.75,33.2,22.4,55.9
iq,2003,8,2003-02-19,89.97428571,,32.4,23.3,121.9
iq,2003,9,2003-02-26,86.01285714,29.4,35,22.9,0
iq,2003,10,2003-03-05,92.46857143,27.95,32.9,22.9,5
iq,2003,11,2003-03-12,96.17142857,26.7,32,22.1,98.4
iq,2003,12,2003-03-19,93.62857143,27.6,33.5,22.7,61.9
iq,2003,13,2003-03-26,91.59428571,30.8,42.2,21.8,75.9
iq,2003,14,2003-04-02,93.01428571,28.26,34.2,22.6,75
iq,2003,15,2003-04-09,96.27,28.175,34.5,22.9,79
iq,2003,16,2003-04-16,95.99285714,27.72,34.2,22.4,49
iq,2003,17,2003-04-23,92.54714286,28.2,33.9,21.8,82.9
iq,2003,18,2003-04-30,97.27714286,27.2,32.9,22.7,105.9
iq,2003,19,2003-05-07,96.14,28.35,33.6,23.4,69
iq,2003,20,2003-05-14,98.13285714,27,32.5,22,246.2
iq,2003,21,2003-05-21,95.85428571,27.46666667,32.5,22.3,145.8
iq,2003,22,2003-05-28,92.46142857,27.7,35,22.4,187.9
iq,2003,23,2003-06-04,97.61714286,27.2,33.4,22.4,72.1
iq,2003,24,2003-06-11,96.22285714,27.7,33.2,21.6,107
iq,2003,25,2003-06-18,90.04857143,27.525,33.5,21.8,40.4
iq,2003,26,2003-06-25,95.57571429,26.95,32.7,21.9,93.5
iq,2003,27,2003-07-02,94.12714286,25.86666667,33.8,21.7,79.3
iq,2003,28,2003-07-09,86.65571429,27.075,33.2,20.7,1.5
iq,2003,29,2003-07-16,85.61142857,27.66666667,33.4,17.4,23.8
iq,2003,30,2003-07-23,77.80428571,26.46666667,32.1,18,9.9
iq,2003,31,2003-07-30,82.27,27.225,32.4,21.3,69.1
iq,2003,32,2003-08-06,77.86142857,27.85,34.2,21.3,117
iq,2003,33,2003-08-13,83.92714286,27.4,34.4,21.7,79
iq,2003,34,2003-08-20,81.94285714,27.75,34,20,18.3
iq,2003,35,2003-08-27,85.72571429,28,34.4,21.4,95.7
iq,2003,36,2003-09-03,70.92857143,26.65,33.9,18.5,0.8
iq,2003,37,2003-09-10,76.53285714,27.83333333,34.3,21,53.1
iq,2003,38,2003-09-17,85.03,27.8,35.3,16.8,92.3
iq,2003,39,2003-09-24,88.11714286,28.03333333,34.7,21.8,27.2
iq,2003,40,2003-10-01,83.68285714,28.575,35.5,21.8,34.5
iq,2003,41,2003-10-08,92.16571429,27.2,35.7,22.3,138.2
iq,2003,42,2003-10-15,90.34285714,28.3,34.4,22.9,36
iq,2003,43,2003-10-22,87.37,27.975,34.5,20.7,32.1
iq,2003,44,2003-10-29,77.78428571,28.73333333,35.5,22.8,56.4
iq,2003,45,2003-11-05,88.48,27.6,34,21.9,139.7
iq,2003,46,2003-11-12,86.75571429,28.5,35.5,20.8,79
iq,2003,47,2003-11-19,90.88285714,27.9,36,22.4,284.4
iq,2003,48,2003-11-26,86.99571429,28.3,34.7,22,26.2
iq,2003,49,2003-12-03,89.20714286,28.76666667,35.1,22,138
iq,2003,50,2003-12-10,93.23142857,28.4,34.2,22.5,47.4
iq,2003,51,2003-12-17,93.91714286,28.3,34.8,22.1,66.8
iq,2003,52,2003-12-24,96.93714286,27.3,33.1,22.3,185.7
iq,2004,1,2004-01-01,,,,,
iq,2004,2,2004-01-08,95.79428571,27.43333333,34.2,22.4,137.2
iq,2004,3,2004-01-15,96.12857143,28.7,34.1,23.1,68.1
iq,2004,4,2004-01-22,82.46714286,28.73333333,34.6,21.8,20.1
iq,2004,5,2004-01-29,65.28428571,28.925,35.6,22.3,0
iq,2004,6,2004-02-05,72.92714286,29.2,36.4,20.6,24.1
iq,2004,7,2004-02-12,86.76571429,27.925,33.3,22.8,13.4
iq,2004,8,2004-02-19,87.71857143,26.6,35.5,22,8.6
iq,2004,9,2004-02-26,93.01285714,27.46666667,34.4,20.6,18.9
iq,2004,10,2004-03-04,92.56142857,28.4,34.5,22.3,79
iq,2004,11,2004-03-11,96.28857143,28,33.5,22.5,24.1
iq,2004,12,2004-03-18,93.62857143,28.3,34.3,21.7,187.2
iq,2004,13,2004-03-25,96.23857143,28.65,34,23.6,142.6
iq,2004,14,2004-04-01,97.94142857,28.06666667,33.9,22.7,2
iq,2004,15,2004-04-08,96.49857143,27.65,33.1,22.3,4
iq,2004,16,2004-04-15,92.32,28.03333333,33.6,21.7,36.9
iq,2004,17,2004-04-22,94.78857143,28,34.5,22.5,39.6
iq,2004,18,2004-04-29,97.80857143,27.53333333,32.9,22.6,148.5
iq,2004,19,2004-05-06,95.11571429,27.23333333,33.3,22,97
iq,2004,20,2004-05-13,93.89714286,27.3,33,19.5,91.8
iq,2004,21,2004-05-20,91.62714286,26.65,34.2,22.5,296.9
iq,2004,22,2004-05-27,93.57571429,,33.3,20.5,28.2
iq,2004,23,2004-06-03,94.69285714,27.5,32.8,19.8,203
iq,2004,24,2004-06-10,96.87571429,26.8,32,20.9,87.9
iq,2004,25,2004-06-17,92.37142857,25.9,33.3,21.5,43.2
iq,2004,26,2004-06-24,90.44714286,25.075,32.1,18.6,98.5
iq,2004,27,2004-07-01,94.66857143,25.9,30.9,21.1,170.1
iq,2004,28,2004-07-08,90.90571429,26.55,32,21.8,43.2
iq,2004,29,2004-07-15,85.15857143,26.8,33.1,20.5,31
iq,2004,30,2004-07-22,90.92857143,26.3,32.1,21.9,103.1
iq,2004,31,2004-07-29,92.52714286,,32.9,19.4,6
iq,2004,32,2004-08-05,79.71857143,,34,18.3,55.1
iq,2004,33,2004-08-12,79.23571429,,31.3,20,0.5
iq,2004,34,2004-08-19,78.48142857,,,21.7,0.5
iq,2004,35,2004-08-26,83.17285714,,32.8,20.4,0
iq,2004,36,2004-09-02,86.54,27.1,32,20.9,195.1
iq,2004,37,2004-09-09,88.74285714,27.4,34.3,23,23.2
iq,2004,38,2004-09-16,91.2,27.16666667,33,20.4,87.3
iq,2004,39,2004-09-23,79.55714286,28,34.7,18.8,20.1
iq,2004,40,2004-09-30,84.80714286,28.65,35.5,21.8,40.1
iq,2004,41,2004-10-07,88.82571429,26.975,33,20.6,27.9
iq,2004,42,2004-10-14,94.16,28.55,34.5,21.4,120.6
iq,2004,43,2004-10-21,85.06571429,27.7,35.6,22.4,13
iq,2004,44,2004-10-28,87.87,27.4,35.8,21.3,89.9
iq,2004,45,2004-11-04,84.82714286,28.35,34.9,21.8,101.4
iq,2004,46,2004-11-11,96.35428571,27.2,33.7,22.4,184.2
iq,2004,47,2004-11-18,84.61142857,28.25,35.8,22.5,107.4
iq,2004,48,2004-11-25,95.25142857,28,35.3,22.6,77
iq,2004,49,2004-12-02,87.13,27.9,34.1,22.4,64
iq,2004,50,2004-12-09,93.93857143,,,,9.9
iq,2004,51,2004-12-16,88.78,28.375,34,22.6,128.3
iq,2004,52,2004-12-23,93.25285714,27.8,33.3,22.6,100.8
iq,2005,53,2005-01-01,,,,,
iq,2005,1,2005-01-08,93.00571429,28.5,33.2,23,74.9
iq,2005,2,2005-01-15,95.53,28.4,34.2,22.5,232.1
iq,2005,3,2005-01-22,83.3,28.86666667,35.5,22.5,194
iq,2005,4,2005-01-29,87.31285714,28.86666667,35.1,22.1,0
iq,2005,5,2005-02-05,89.42714286,28.525,35.4,22.2,3.8
iq,2005,6,2005-02-12,95.97714286,27.46666667,32.8,21.4,70.4
iq,2005,7,2005-02-19,95.74857143,27.5,32.3,22.3,350.9
iq,2005,8,2005-02-26,91.57714286,28.65,35.2,22.4,84.1
iq,2005,9,2005-03-05,94.40142857,28.26666667,33.8,23.3,19
iq,2005,10,2005-03-12,97.68714286,26.8,34.8,23.4,8.6
iq,2005,11,2005-03-19,92.26714286,28.7,33.8,22.5,146.1
iq,2005,12,2005-03-26,89.82,27.72,33.4,22.5,108.8
iq,2005,13,2005-04-02,93.80142857,28.25,34.3,20.8,73.9
iq,2005,14,2005-04-09,92.41714286,28.1,33.8,21.6,71.1
iq,2005,15,2005-04-16,97.32285714,27.65,32.9,22.5,3.6
iq,2005,16,2005-04-23,97.38142857,28.85,34,22.7,105.6
iq,2005,17,2005-04-30,97.16285714,28.6,33.8,23.7,14.5
iq,2005,18,2005-05-07,95.93714286,25.8,33.5,21,13
iq,2005,19,2005-05-14,88.29428571,27.9,34.6,21,28
iq,2005,20,2005-05-21,93.91857143,,33.2,23.6,95.9
iq,2005,21,2005-05-28,84.65857143,27.4,33.6,22.4,37.9
iq,2005,22,2005-06-04,86.70142857,,33.9,20.9,78.9
iq,2005,23,2005-06-11,94.59285714,27.1,32.4,22,19.5
iq,2005,24,2005-06-18,89.19428571,27.66666667,33.3,22,73.7
iq,2005,25,2005-06-25,84.46714286,27.35,32.8,22.4,89.2
iq,2005,26,2005-07-02,88.38714286,26.83333333,33.7,20.8,92
iq,2005,27,2005-07-09,84.69285714,27.8,34.5,21.6,40.9
iq,2005,28,2005-07-16,77.37285714,27.8,34.2,17.6,167.1
iq,2005,29,2005-07-23,75.69714286,26.55,33.8,18.2,0
iq,2005,30,2005-07-30,84.23857143,21.4,32.3,18.5,71.1
iq,2005,31,2005-08-06,75.57142857,26.25,32.3,19.2,0
iq,2005,32,2005-08-13,74.85571429,27.325,33.5,19.8,36.6
iq,2005,33,2005-08-20,64.65857143,,32.8,17.3,69.6
iq,2005,34,2005-08-27,83.85428571,27.75,35,20.3,127
iq,2005,35,2005-09-03,79.64714286,26.8,35.2,21.4,37
iq,2005,36,2005-09-10,71.97142857,,,21.8,44
iq,2005,37,2005-09-17,83.73,,,,1.3
iq,2005,38,2005-09-24,76.59571429,25.76666667,34.3,16.9,38.1
iq,2005,39,2005-10-01,67.21285714,28.65,37.1,20.7,
iq,2005,40,2005-10-08,74.95285714,28.8,36.3,21,80.8
iq,2005,41,2005-10-15,75.50857143,28.5,37,22.3,233.2
iq,2005,42,2005-10-22,81.69142857,29.1,36.5,21.7,64
iq,2005,43,2005-10-29,89.14285714,28.3,34.3,21.3,235.2
iq,2005,44,2005-11-05,87.23142857,28.23333333,34.3,21.8,102.1
iq,2005,45,2005-11-12,89.31,,34.6,22.3,8.9
iq,2005,46,2005-11-19,93.17714286,27.6,34.5,21.5,139.5
iq,2005,47,2005-11-26,90.34857143,28.5,35,21.8,5.1
iq,2005,48,2005-12-03,86.40857143,28.26666667,34.3,21.7,77.9
iq,2005,49,2005-12-10,87.72142857,28.1,34.8,21.5,54.1
iq,2005,50,2005-12-17,92.95714286,28.1,34,22.3,6
iq,2005,51,2005-12-24,95.67428571,28.3,33.6,22.9,81.1
iq,2006,52,2006-01-01,93.82142857,27.45,32.7,22.4,273.5
iq,2006,1,2006-01-08,73.16142857,,34.5,19.7,70.1
iq,2006,2,2006-01-15,88.33571429,27.78,34.5,21.4,60.1
iq,2006,3,2006-01-22,89.95571429,,33.8,21.5,54.8
iq,2006,4,2006-01-29,93.11428571,27.3,33.5,22.3,250.9
iq,2006,5,2006-02-05,97.32,,33.7,21.5,118.9
iq,2006,6,2006-02-12,95.82714286,28,32.6,23.6,101.1
iq,2006,7,2006-02-19,91.09857143,28.6,33.8,24.2,0
iq,2006,8,2006-02-26,86.03142857,28.24,34.3,21.3,0.3
iq,2006,9,2006-03-05,92.60571429,27.43333333,32.9,21.9,26.9
iq,2006,10,2006-03-12,96.36,28,33.3,21.9,93
iq,2006,11,2006-03-19,93.34714286,27.975,33.7,22.4,16
iq,2006,12,2006-03-26,93.78714286,27.4,32.3,23,97
iq,2006,13,2006-04-02,95.02428571,28.3,33.7,22,53.9
iq,2006,14,2006-04-09,91.81142857,27.93333333,33.7,22.6,178.1
iq,2006,15,2006-04-16,95.51,28.3,33.9,21.4,49
iq,2006,16,2006-04-23,92.11142857,27.4,32.8,22.5,11.9
iq,2006,17,2006-04-30,90.86428571,27,33.5,19.5,34
iq,2006,18,2006-05-07,93.63571429,27.85,33.3,22.5,115
iq,2006,19,2006-05-14,96.09857143,24.3,32.3,21.7,270.9
iq,2006,20,2006-05-21,72.03428571,25.2,31.7,19.4,2
iq,2006,21,2006-05-28,80.38571429,27.46666667,34,21.7,83
iq,2006,22,2006-06-04,92.50571429,25.6,31.9,19.3,150.2
iq,2006,23,2006-06-11,93.47571429,26.2,33,21.5,105.2
iq,2006,24,2006-06-18,87.21428571,28.1,34.4,21.4,79.5
iq,2006,25,2006-06-25,88.47142857,26.6,32.5,20.4,74.9
iq,2006,26,2006-07-02,83.46714286,27.2,33.4,19.8,21.9
iq,2006,27,2006-07-09,90.43285714,26.7,33,21.7,110.6
iq,2006,28,2006-07-16,77.27142857,26.25,33.1,20.6,0.5
iq,2006,29,2006-07-23,85.14,27.4,34.1,19.9,47
iq,2006,30,2006-07-30,79.74285714,26.6,32.6,18.5,11.4
iq,2006,31,2006-08-06,88.70714286,27.225,34.2,19.7,4
iq,2006,32,2006-08-13,79.24285714,27.6,33.9,19.4,26.6
iq,2006,33,2006-08-20,84.62,27.66666667,33.3,20.9,75.5
iq,2006,34,2006-08-27,83.04714286,27.3,34.9,20.9,71.1
iq,2006,35,2006-09-03,85.37285714,26.5,33.2,20.3,176
iq,2006,36,2006-09-10,75.53,27.42,34.1,20.6,15.3
iq,2006,37,2006-09-17,77.25428571,28.35,35,17.8,0.5
iq,2006,38,2006-09-24,77.51428571,27.93333333,34.8,21.4,93.9
iq,2006,39,2006-10-01,82.84571429,28.56666667,35.2,22,63
iq,2006,40,2006-10-08,80.49,28.7,35.9,21.1,68.9
iq,2006,41,2006-10-15,86.85285714,28.06,33.7,22.1,162.6
iq,2006,42,2006-10-22,90.37857143,28.6,35.4,22.8,8.1
iq,2006,43,2006-10-29,89.7,27.56,33.8,19.8,143.3
iq,2006,44,2006-11-05,82.93428571,28.83333333,35.7,22,14
iq,2006,45,2006-11-12,92.08857143,28.25,33.9,22.4,108.7
iq,2006,46,2006-11-19,94.44,27.6,33.2,21.8,85.6
iq,2006,47,2006-11-26,94.30285714,27,32.3,22.5,205.3
iq,2006,48,2006-12-03,89.55,27.9,34.9,22.9,115.1
iq,2006,49,2006-12-10,96.79571429,28.4,33.7,23.2,10.9
iq,2006,50,2006-12-17,95.87571429,,33.8,,
iq,2006,51,2006-12-24,95.07857143,,32.9,23.5,
iq,2007,1,2007-01-01,95.92714286,26.6,31.9,21.5,133.4
iq,2007,2,2007-01-08,96.23857143,26.825,31.7,22.9,61.5
iq,2007,3,2007-01-15,94.64714286,27.775,33.4,22.2,178
iq,2007,4,2007-01-22,96.99714286,27.7,33.6,22,149.9
iq,2007,5,2007-01-29,93.13571429,27.725,35,22.3,60.3
iq,2007,6,2007-02-05,87.53,28.6,35.4,22.4,9.9
iq,2007,7,2007-02-12,75.80428571,28.85,36.7,21.4,61.3
iq,2007,8,2007-02-19,72.44571429,28.74,36.2,21.2,0
iq,2007,9,2007-02-26,78.58571429,28.56,35.8,20.4,28
iq,2007,10,2007-03-05,94.34857143,27.3,33,21.9,205.3
iq,2007,11,2007-03-12,96.52285714,28,33.1,21.7,138
iq,2007,12,2007-03-19,90.85857143,27,33.9,21.7,252.7
iq,2007,13,2007-03-26,93.58571429,28.25,34.6,21.5,66.1
iq,2007,14,2007-04-02,95.82,27.26666667,34,22.6,94.3
iq,2007,15,2007-04-09,95.52714286,27.85,34.4,21.3,60.4
iq,2007,16,2007-04-16,94.72142857,27.4,33.5,22.1,97.1
iq,2007,17,2007-04-23,95.52571429,27.03333333,34.1,22,261.7
iq,2007,18,2007-04-30,93.47,27.85,33,21,118.2
iq,2007,19,2007-05-07,95.03714286,28.1,33.5,21.5,38.1
iq,2007,20,2007-05-14,91.83285714,28.1,32.5,19,191.4
iq,2007,21,2007-05-21,94.85285714,28.25,33.8,21.7,86.6
iq,2007,22,2007-05-28,89.28,24.7,32.8,17.5,61.8
iq,2007,23,2007-06-04,91.72,26.5,31.3,20.4,0.5
iq,2007,24,2007-06-11,91.45857143,26.6,32.6,20.7,12.9
iq,2007,25,2007-06-18,94.06571429,25.96666667,32,21.2,126
iq,2007,26,2007-06-25,92.67142857,26.56666667,31.7,20.7,10.2
iq,2007,27,2007-07-02,78.07428571,25.9,32,19.6,
iq,2007,28,2007-07-09,83.38714286,26.75,32.7,19.9,54.1
iq,2007,29,2007-07-16,94.24714286,26.53333333,31.3,20.9,22.9
iq,2007,30,2007-07-23,84.15571429,27.35,33.2,20.7,11.9
iq,2007,31,2007-07-30,82.57142857,24.25,34,16.4,55.9
iq,2007,32,2007-08-06,76.61857143,26.475,32.7,17.2,30.3
iq,2007,33,2007-08-13,80.93571429,26.9,33.1,21.3,76.5
iq,2007,34,2007-08-20,79.33428571,27.125,33.3,19.9,22.1
iq,2007,35,2007-08-27,67.75714286,27.05,34.7,19.9,0
iq,2007,36,2007-09-03,92.65714286,26.3,34,20.9,37.1
iq,2007,37,2007-09-10,84.41285714,26.9,32.9,21.4,150.9
iq,2007,38,2007-09-17,86.70714286,27.2,33,21.6,16.3
iq,2007,39,2007-09-24,78.56428571,27.83333333,34.1,21.1,34
iq,2007,40,2007-10-01,89.84428571,28.4,35.5,21.6,107.9
iq,2007,41,2007-10-08,80.45,28.4,34.2,21.8,145.1
iq,2007,42,2007-10-15,86.70571429,29,35.2,21.9,4.1
iq,2007,43,2007-10-22,94.78142857,26.9,32.1,20.9,79.3
iq,2007,44,2007-10-29,95.59285714,27,34,21.6,0
iq,2007,45,2007-11-05,84.85,28.7,34.8,22.5,22.1
iq,2007,46,2007-11-12,93.55428571,27.675,33.5,21.6,111.3
iq,2007,47,2007-11-19,96.21428571,26.62,33.3,21.8,80
iq,2007,48,2007-11-26,96.52285714,27.125,32.3,22.4,293.1
iq,2007,49,2007-12-03,91.65428571,27.9,33,22.8,142
iq,2007,50,2007-12-10,86.75571429,28.85,34.2,22.6,23.1
iq,2007,51,2007-12-17,96.07428571,27.625,32.9,22.4,261.3
iq,2007,52,2007-12-24,93.46857143,27.7,32.1,21.7,28.1
iq,2008,1,2008-01-01,78.67,28.275,36,21.5,
iq,2008,2,2008-01-08,95.28,25.8,31.4,22.6,104.4
iq,2008,3,2008-01-15,94.96857143,27.43333333,33.8,21.8,125.3
iq,2008,4,2008-01-22,95.12571429,,31.3,21.9,46.3
iq,2008,5,2008-01-29,93,27.56666667,32.2,22.8,121.2
iq,2008,6,2008-02-05,78.13142857,27.86666667,34.5,20.5,5.1
iq,2008,7,2008-02-12,95.70714286,26.6,31.7,22.1,9.2
iq,2008,8,2008-02-19,92.37,28,33.4,22,115.3
iq,2008,9,2008-02-26,96.92714286,26.85,32.5,22.5,127.6
iq,2008,10,2008-03-04,88.97285714,27.18,33.3,21.9,119.6
iq,2008,11,2008-03-11,89.26857143,26.25,33.2,22.2,64.4
iq,2008,12,2008-03-18,93.45142857,,31.7,22,100.9
iq,2008,13,2008-03-25,94.07428571,26.9,31.7,22.6,282.7
iq,2008,14,2008-04-01,90.95714286,27.86666667,33.4,22.5,21.1
iq,2008,15,2008-04-08,95.15714286,28.3,32.8,21,53.1
iq,2008,16,2008-04-15,92.12428571,26.8,33.6,21.7,61
iq,2008,17,2008-04-22,97.97142857,26.65,33,21.6,85.9
iq,2008,18,2008-04-29,93.66285714,27.86666667,32.5,22.7,31.2
iq,2008,19,2008-05-06,93.15857143,26.6,32.4,20.6,18
iq,2008,20,2008-05-13,91.50428571,26.16666667,31,18,6.1
iq,2008,21,2008-05-20,96.62142857,26.35,31.5,21.4,58.2
iq,2008,22,2008-05-27,96.02571429,27.2,32.3,21.7,76.1
iq,2008,23,2008-06-03,93.98285714,26.9,31.1,20.4,13.6
iq,2008,24,2008-06-10,88.81,,,17.8,6.4
iq,2008,25,2008-06-17,95.86,,,21,79.8
iq,2008,26,2008-06-24,93.79571429,,,18,93.5
iq,2008,27,2008-07-01,86.52428571,,,20.8,1.3
iq,2008,28,2008-07-08,85.65571429,,,21,0
iq,2008,29,2008-07-15,93.05571429,,,21,44.2
iq,2008,30,2008-07-22,92.77714286,26.6,32.4,20.8,18.1
iq,2008,31,2008-07-29,92.04857143,26.68,33.4,20.6,36.4
iq,2008,32,2008-08-05,91.09285714,27.4,34.2,18.5,18.1
iq,2008,33,2008-08-12,90.72714286,27.9,34.8,19.8,11
iq,2008,34,2008-08-19,78.27714286,28,38.6,19.2,7.9
iq,2008,35,2008-08-26,84.49142857,27.83333333,35.1,20.4,44
iq,2008,36,2008-09-02,83.05,27.35,36.2,20.4,8.1
iq,2008,37,2008-09-09,92.65285714,27.96666667,36.2,20.8,16.5
iq,2008,38,2008-09-16,88.52571429,27.8,35.6,20.7,50.1
iq,2008,39,2008-09-23,90.18142857,27.75,37,20.8,26.9
iq,2008,40,2008-09-30,79.50285714,,36,19.6,1
iq,2008,41,2008-10-07,78.45428571,30.03333333,37,21.5,57.7
iq,2008,42,2008-10-14,88.85714286,26.45,34.7,21,24.9
iq,2008,43,2008-10-21,93.85428571,27.33333333,35.5,21.5,24.2
iq,2008,44,2008-10-28,92.60857143,27.4,35,21.2,0
iq,2008,45,2008-11-04,95.29,27.82,35.6,21.2,109
iq,2008,46,2008-11-11,88.32857143,28.3,36,20.5,42.6
iq,2008,47,2008-11-18,94.14142857,27.96666667,34.5,21.7,10.6
iq,2008,48,2008-11-25,95.26,26.1,33.5,21,59
iq,2008,49,2008-12-02,94.64,26.96,33.7,21,80
iq,2008,50,2008-12-09,88.55142857,27.8,35,21.2,17.2
iq,2008,51,2008-12-16,91.77714286,27.825,35,20.5,51
iq,2008,52,2008-12-23,81.86857143,28.08,35.4,21.2,0.5
iq,2009,1,2009-01-01,,,,,
iq,2009,2,2009-01-08,95.22285714,27.26666667,34.8,21.1,86.1
iq,2009,3,2009-01-15,98.61,27.18,33.3,21.1,72.8
iq,2009,4,2009-01-22,92.46714286,27.56666667,34,21.8,11.2
iq,2009,5,2009-01-29,94.92857143,27.65,33.9,21.1,67.8
iq,2009,6,2009-02-05,97.00714286,27.46666667,35,21,44.1
iq,2009,7,2009-02-12,94.23428571,28.1,35,21.2,14
iq,2009,8,2009-02-19,92.90571429,27.7,35,20.5,111.4
iq,2009,9,2009-02-26,95.12142857,26.58,33.2,20.5,84.1
iq,2009,10,2009-03-05,94.37857143,28.4,35,21,49.1
iq,2009,11,2009-03-12,98.13428571,27.3,33.8,21,0
iq,2009,12,2009-03-19,95.70857143,27.8,33.7,21,14.3
iq,2009,13,2009-03-26,94.90285714,28.5,34.4,21.5,45
iq,2009,14,2009-04-02,96.39571429,27.95,34.2,21.7,19
iq,2009,15,2009-04-09,89.67285714,27.13333333,35,21,134.9
iq,2009,16,2009-04-16,97.3,26.9,33,21.2,87.3
iq,2009,17,2009-04-23,96.66428571,26.8,34.4,21.2,41.2
iq,2009,18,2009-04-30,95.07857143,27.15,34,21,30.8
iq,2009,19,2009-05-07,95.1,28.1,35,22,44
iq,2009,20,2009-05-14,93.29857143,28.075,35,22,11.2
iq,2009,21,2009-05-21,91.79,28.35,34.6,21.4,50.5
iq,2009,22,2009-05-28,97.74285714,27.6,34.4,21,19.3
iq,2009,23,2009-06-04,95.50714286,28.1,34,22.2,
iq,2009,24,2009-06-11,94.13,24.66666667,33.5,20,23.9
iq,2009,25,2009-06-18,93.97142857,27.05,33.5,19.4,21
iq,2009,26,2009-06-25,94.55571429,27.375,33.4,21.2,40.6
iq,2009,27,2009-07-02,94.53857143,27.45,33.4,21.4,14
iq,2009,28,2009-07-09,95.38571429,27.6,33.4,21.6,2
iq,2009,29,2009-07-16,94.62428571,26.825,34.5,21.3,38.9
iq,2009,30,2009-07-23,88.23,26.95,32.2,21,20.4
iq,2009,31,2009-07-30,89.97142857,27,33.5,20.5,32
iq,2009,32,2009-08-06,87.81142857,27.975,35.4,20.5,
iq,2009,33,2009-08-13,87.11,27.7,33.4,21,20.1
iq,2009,34,2009-08-20,80.64,28.32,36.2,21.2,1
iq,2009,35,2009-08-27,88.17714286,29,36.2,22,27.2
iq,2009,36,2009-09-03,94.99285714,27.6,34.2,21,47.5
iq,2009,37,2009-09-10,75.23285714,29.16666667,37.4,21.4,6.1
iq,2009,38,2009-09-17,78.11857143,28.85,37.2,20.4,0.8
iq,2009,39,2009-09-24,83.76285714,28.86666667,37,21,8.1
iq,2009,40,2009-10-01,91.57571429,27.95,35.2,20.5,33.1
iq,2009,41,2009-10-08,89.31,27.64,34.8,21,29.4
iq,2009,42,2009-10-15,79.22285714,27.75,34.2,21.2,11.2
iq,2009,43,2009-10-22,90.65714286,27.73333333,35.3,21,137.1
iq,2009,44,2009-10-29,93.80857143,27.8,35.2,21,11.2
iq,2009,45,2009-11-05,90.37285714,29.86666667,36.8,21.2,3.5
iq,2009,46,2009-11-12,84.31142857,28.94,35.3,21.9,88.2
iq,2009,47,2009-11-19,80.78714286,28.9,36.2,22.3,39.1
iq,2009,48,2009-11-26,89.59428571,28.43333333,36.2,21.8,17
iq,2009,49,2009-12-03,91.70857143,28.025,35.3,22.2,49
iq,2009,50,2009-12-10,87.75285714,28.55,35.2,21.2,41.9
iq,2009,51,2009-12-17,92.95857143,28.2,35.6,22,54.1
iq,2009,52,2009-12-24,96.88571429,27.2,32.2,21.8,31.2
iq,2010,53,2010-01-01,,,,,
iq,2010,1,2010-01-08,78.27142857,28.6,35.1,21.8,
iq,2010,2,2010-01-15,89.80714286,27.83333333,34.2,22.1,15
iq,2010,3,2010-01-22,87.64142857,28.96666667,35.2,22.5,0.8
iq,2010,4,2010-01-29,91.79857143,27.8,35.3,22.4,166
iq,2010,5,2010-02-05,90.64857143,27.8,34.2,22,62.3
iq,2010,6,2010-02-12,96.51571429,27,33.2,22.9,14.5
iq,2010,7,2010-02-19,88.36571429,27.3,35.5,21.4,60.9
iq,2010,8,2010-02-26,94.91571429,28.02,35.4,21.4,29.9
iq,2010,9,2010-03-05,97.7,28.5,35.4,21.2,9.9
iq,2010,10,2010-03-12,96.25,28.55,35.4,21.4,44.5
iq,2010,11,2010-03-19,96.12428571,30,36,22,22.9
iq,2010,12,2010-03-26,93.08285714,27.46666667,34.5,21,20
iq,2010,13,2010-04-02,88.70714286,27.93333333,35.3,21,16
iq,2010,14,2010-04-09,95.18285714,29.2,35.4,22.5,
iq,2010,15,2010-04-16,93.65571429,27.15,33,21.2,18
iq,2010,16,2010-04-23,95.99571429,27.85,33.5,22.5,51.1
iq,2010,17,2010-04-30,87.65714286,28.85,36.2,21.4,35.4
iq,2010,18,2010-05-07,96.71285714,27.6,33.2,21.4,8.1
iq,2010,19,2010-05-14,97.44571429,27.4,33.7,21.2,32
iq,2010,20,2010-05-21,78.99857143,25.63333333,34,20,2.5
iq,2010,21,2010-05-28,88.76571429,28.63333333,35.4,22.4,27
iq,2010,22,2010-06-04,91.6,27.43333333,34.7,21.7,36.6
iq,2010,23,2010-06-11,94.28,24.4,32.2,19.2,7.4
iq,2010,24,2010-06-18,94.66,25.43333333,31.2,21,16
iq,2010,25,2010-06-25,89.08285714,27.475,33.7,22.2,20.4
